MinTemp,MaxTemp,Humidity9am,Humidity3pm,Pressure9am,Pressure3pm,Cloud9am,Cloud3pm,RainToday
17.5,32.3,82.0,33.0,1010.8,1006.0,7.0,8.0,No
15.9,21.7,89.0,91.0,1010.5,1004.2,8.0,8.0,Yes
15.9,18.6,76.0,93.0,994.3,993.0,8.0,8.0,Yes
14.1,20.9,69.0,82.0,1012.2,1010.4,8.0,1.0,No
13.5,22.9,80.0,65.0,1005.8,1002.2,8.0,1.0,Yes
12.5,24.2,78.0,70.0,1005.6,1003.4,8.0,8.0,Yes
24.4,34.0,60.0,39.0,1005.3,997.8,4.0,1.0,No
18.4,31.2,66.0,31.0,1009.3,1007.8,7.0,8.0,No
16.1,21.6,58.0,69.0,1017.0,1017.3,2.0,8.0,No
12.9,29.6,54.0,14.0,1014.0,1012.7,6.0,7.0,No
8.9,31.9,49.0,16.0,1016.6,1013.4,7.0,7.0,No
14.6,30.0,56.0,30.0,1014.8,1012.7,3.0,1.0,No
15.4,22.3,69.0,78.0,1017.4,1019.2,8.0,8.0,No
18.4,28.1,92.0,49.0,1018.8,1012.9,8.0,6.0,Yes
11.6,26.7,59.0,42.0,1021.5,1017.7,8.0,7.0,No
13.0,24.9,75.0,47.0,1024.4,1020.3,8.0,6.0,Yes
6.6,21.6,59.0,39.0,1018.5,1016.8,5.0,1.0,No
10.6,16.2,74.0,86.0,1008.9,1002.4,8.0,8.0,No
12.9,15.8,83.0,89.0,1004.8,1000.9,8.0,8.0,Yes
8.6,12.9,77.0,62.0,1004.0,1003.3,8.0,8.0,Yes
4.5,11.5,82.0,79.0,1013.8,1013.5,8.0,8.0,Yes
7.6,14.5,83.0,48.0,1018.0,1018.3,8.0,1.0,Yes
7.2,19.2,81.0,49.0,1026.9,1024.0,8.0,4.0,No
6.9,16.3,77.0,59.0,1015.3,1013.1,8.0,8.0,No
10.3,16.6,82.0,63.0,1015.0,1011.0,8.0,7.0,No
12.4,16.4,82.0,54.0,1011.8,1013.4,8.0,8.0,Yes
5.1,18.6,75.0,57.0,1022.8,1020.5,7.0,7.0,No
9.3,20.3,77.0,50.0,1024.6,1019.7,2.0,8.0,No
11.6,18.1,97.0,74.0,1021.4,1019.2,8.0,3.0,Yes
8.0,14.3,88.0,75.0,1031.9,1029.2,8.0,8.0,Yes
8.4,13.4,78.0,75.0,1029.3,1026.2,8.0,8.0,Yes
10.6,14.3,85.0,97.0,1023.5,1020.4,8.0,8.0,Yes
8.9,17.4,99.0,58.0,1021.0,1017.5,8.0,7.0,Yes
1.7,10.5,99.0,91.0,1015.2,1011.1,8.0,8.0,No
4.7,11.6,93.0,80.0,1007.5,1006.3,8.0,8.0,Yes
9.0,12.0,88.0,79.0,1009.6,1008.7,8.0,8.0,Yes
6.3,8.8,92.0,95.0,1011.1,1008.3,8.0,8.0,Yes
-1.3,8.2,99.0,72.0,1025.7,1022.2,8.0,7.0,No
0.9,17.3,85.0,56.0,1025.7,1020.6,7.0,8.0,No
7.0,17.0,99.0,71.0,1021.9,1018.6,1.0,1.0,Yes
5.0,14.9,99.0,78.0,1020.7,1018.6,1.0,8.0,Yes
3.9,15.5,99.0,70.0,1020.2,1016.4,8.0,6.0,No
7.7,14.1,81.0,65.0,1014.9,1012.7,8.0,5.0,Yes
4.7,12.2,99.0,75.0,1015.5,1012.7,7.0,8.0,No
8.4,11.9,79.0,81.0,1007.8,1005.5,8.0,8.0,No
9.3,12.3,98.0,76.0,1007.5,1006.6,7.0,8.0,Yes
8.2,15.7,91.0,69.0,1011.4,1009.4,8.0,8.0,Yes
9.1,16.1,78.0,73.0,1007.6,1001.0,8.0,8.0,Yes
8.3,13.3,85.0,68.0,1006.5,1005.2,8.0,5.0,Yes
8.8,11.6,88.0,74.0,1009.4,1006.8,8.0,4.0,Yes
7.6,12.0,82.0,62.0,1008.6,1009.6,8.0,1.0,Yes
5.7,13.2,91.0,76.0,1016.3,1014.9,8.0,8.0,No
4.8,13.3,96.0,63.0,1020.5,1015.6,7.0,1.0,No
8.1,16.5,77.0,53.0,1010.4,1007.7,2.0,6.0,No
5.9,13.1,82.0,73.0,1007.6,1005.5,8.0,8.0,No
6.9,11.0,94.0,75.0,1006.6,1005.8,8.0,8.0,Yes
-1.0,12.0,98.0,64.0,1023.0,1019.5,7.0,5.0,No
3.2,14.1,94.0,65.0,1021.6,1019.8,8.0,8.0,No
6.6,12.3,74.0,81.0,1009.5,1006.2,7.0,8.0,No
6.0,13.5,83.0,58.0,1015.1,1018.4,7.0,7.0,Yes
1.3,8.8,99.0,91.0,1019.9,1019.9,8.0,8.0,No
4.2,12.7,89.0,71.0,1024.0,1023.1,8.0,8.0,Yes
8.3,13.2,98.0,81.0,1026.0,1025.4,8.0,8.0,Yes
3.3,12.1,99.0,76.0,1025.8,1022.7,7.0,7.0,No
6.5,14.5,81.0,61.0,1021.3,1021.5,5.0,8.0,Yes
7.4,13.9,99.0,70.0,1026.8,1025.3,7.0,3.0,No
7.5,14.1,94.0,65.0,1027.9,1024.8,1.0,6.0,No
5.7,13.8,98.0,76.0,1022.2,1020.2,8.0,8.0,Yes
8.0,13.9,79.0,47.0,1012.8,1015.6,8.0,8.0,No
5.9,17.7,62.0,59.0,1009.0,1008.6,1.0,1.0,No
6.9,14.3,99.0,74.0,1011.5,1010.0,8.0,8.0,Yes
7.7,11.6,94.0,87.0,1015.7,1015.3,8.0,7.0,No
5.1,15.5,79.0,70.0,1012.2,1006.4,8.0,8.0,Yes
1.6,16.4,99.0,61.0,1027.7,1022.5,8.0,1.0,No
7.3,14.8,72.0,85.0,1004.0,1001.7,3.0,8.0,No
5.8,18.9,94.0,67.0,1011.5,1007.1,3.0,3.0,Yes
7.2,17.9,81.0,80.0,1002.6,996.9,1.0,8.0,Yes
6.3,11.1,77.0,57.0,1014.2,1015.2,8.0,8.0,Yes
6.7,14.2,90.0,72.0,1018.9,1016.8,7.0,5.0,Yes
5.1,14.2,96.0,58.0,1023.2,1021.7,8.0,1.0,Yes
5.7,16.5,90.0,59.0,1009.9,1009.0,5.0,4.0,No
7.5,14.3,82.0,67.0,1012.8,1011.3,8.0,8.0,No
5.4,20.6,98.0,46.0,1018.8,1015.0,8.0,8.0,No
11.5,20.2,77.0,55.0,1002.6,999.2,8.0,1.0,Yes
9.3,16.8,82.0,54.0,997.8,1003.8,5.0,8.0,Yes
5.3,20.6,60.0,57.0,1009.3,1002.9,2.0,7.0,No
6.8,12.2,79.0,72.0,1005.2,1003.9,7.0,6.0,Yes
4.5,12.9,78.0,72.0,1009.8,1008.4,5.0,8.0,Yes
8.5,13.5,87.0,75.0,1014.0,1015.1,7.0,7.0,Yes
5.2,16.2,85.0,77.0,1020.2,1018.3,2.0,2.0,No
6.6,17.7,70.0,71.0,1001.9,997.6,7.0,6.0,Yes
9.5,15.1,88.0,60.0,1000.5,1002.7,8.0,1.0,Yes
9.7,15.7,79.0,84.0,1008.5,1007.8,8.0,8.0,Yes
19.3,21.0,95.0,91.0,1010.8,1009.0,8.0,8.0,Yes
18.3,28.3,98.0,67.0,1003.7,1003.5,8.0,8.0,Yes
21.0,34.5,48.0,70.0,1012.2,1008.4,1.0,4.0,No
15.9,26.2,82.0,56.0,1010.7,1008.6,7.0,5.0,Yes
17.1,26.4,48.0,27.0,1006.5,1002.7,2.0,1.0,No
12.8,22.3,94.0,54.0,1000.5,1000.9,8.0,4.0,Yes
13.2,23.9,82.0,35.0,1010.3,1009.3,3.0,1.0,Yes
18.2,24.9,58.0,45.0,1006.9,1006.0,7.0,5.0,No
14.2,27.4,52.0,26.0,1008.9,1004.7,7.0,7.0,No
9.2,22.6,62.0,30.0,1016.9,1016.3,6.0,3.0,No
18.8,28.3,84.0,49.0,1009.8,1008.0,5.0,1.0,Yes
16.8,25.6,51.0,24.0,1006.9,1005.5,4.0,1.0,No
10.5,22.6,44.0,30.0,1007.7,1007.0,2.0,8.0,No
19.2,26.1,83.0,70.0,1009.9,1009.4,4.0,8.0,Yes
23.0,34.0,66.0,32.0,1020.8,1017.8,7.0,7.0,No
20.8,27.1,82.0,59.0,1009.9,1007.9,8.0,1.0,No
20.5,30.3,80.0,43.0,1006.8,1003.9,8.0,8.0,No
15.7,31.8,70.0,35.0,1018.9,1014.3,1.0,2.0,No
19.6,34.7,71.0,59.0,1015.3,1011.2,3.0,8.0,No
20.2,26.4,83.0,70.0,1014.6,1011.9,8.0,8.0,Yes
18.8,30.3,87.0,48.0,1010.0,1009.0,8.0,1.0,Yes
18.3,22.9,89.0,82.0,1013.3,1008.8,8.0,7.0,Yes
15.7,22.4,90.0,67.0,1014.4,1015.9,8.0,8.0,Yes
18.2,26.3,94.0,61.0,1015.8,1014.9,7.0,5.0,Yes
15.7,23.4,87.0,69.0,1012.8,1010.5,8.0,3.0,Yes
13.5,23.1,84.0,53.0,1016.7,1015.3,1.0,1.0,Yes
14.1,18.6,84.0,79.0,1011.6,1009.0,8.0,8.0,No
14.2,18.7,86.0,43.0,1010.1,1010.2,8.0,2.0,Yes
11.2,25.9,81.0,46.0,1025.7,1021.9,2.0,3.0,No
11.8,25.2,79.0,49.0,1024.6,1020.1,1.0,1.0,No
15.4,19.8,95.0,86.0,1013.4,1008.7,8.0,8.0,Yes
7.1,16.1,84.0,58.0,1020.9,1018.0,6.0,7.0,No
9.7,17.3,84.0,50.0,1022.0,1019.6,1.0,1.0,Yes
10.5,17.7,79.0,69.0,1021.9,1020.4,5.0,8.0,No
8.0,25.3,92.0,29.0,1017.8,1011.2,8.0,4.0,No
7.1,15.3,78.0,68.0,1022.3,1021.6,8.0,8.0,No
5.7,17.5,89.0,56.0,1024.7,1021.7,8.0,6.0,No
9.6,19.3,84.0,59.0,1023.7,1021.1,6.0,1.0,No
5.7,19.5,99.0,54.0,1023.4,1019.6,8.0,1.0,No
10.2,14.9,88.0,99.0,1008.7,1005.0,7.0,7.0,Yes
5.7,16.6,92.0,59.0,1019.6,1018.0,8.0,8.0,No
6.4,17.0,96.0,63.0,1019.4,1014.3,8.0,6.0,No
9.4,15.0,99.0,89.0,1005.7,1002.8,8.0,8.0,Yes
8.8,20.2,99.0,47.0,1004.7,1004.8,8.0,1.0,Yes
3.1,12.2,89.0,49.0,1023.7,1019.5,7.0,7.0,No
5.3,8.4,81.0,92.0,1012.9,1011.1,7.0,8.0,No
7.2,13.2,82.0,66.0,1023.0,1019.7,7.0,7.0,No
-0.3,12.8,92.0,65.0,1032.3,1028.3,6.0,1.0,No
1.5,15.5,91.0,73.0,1027.4,1022.1,1.0,7.0,No
3.0,12.2,88.0,70.0,1019.6,1018.0,7.0,2.0,Yes
3.6,13.1,98.0,86.0,1027.2,1026.7,8.0,8.0,No
3.4,17.0,85.0,56.0,1030.1,1024.7,3.0,1.0,No
7.0,16.1,83.0,95.0,1021.9,1018.6,8.0,8.0,No
6.2,12.1,86.0,71.0,1020.5,1020.5,7.0,8.0,Yes
0.6,11.9,99.0,54.0,1024.3,1021.8,1.0,2.0,No
-0.6,8.3,99.0,70.0,1022.7,1020.3,8.0,7.0,No
2.3,9.4,71.0,57.0,1021.2,1019.4,8.0,8.0,No
5.1,9.8,81.0,78.0,1020.7,1019.6,8.0,8.0,No
3.2,11.9,99.0,67.0,1025.2,1024.3,7.0,7.0,Yes
0.2,10.9,99.0,70.0,1027.6,1024.0,8.0,4.0,No
1.8,12.1,99.0,70.0,1027.5,1022.8,8.0,3.0,No
5.0,15.4,99.0,62.0,1020.6,1019.6,8.0,1.0,Yes
3.5,16.3,98.0,93.0,1016.8,1008.9,8.0,8.0,No
6.2,10.0,82.0,91.0,1009.2,1008.7,8.0,8.0,Yes
0.6,13.1,99.0,56.0,1028.7,1026.3,8.0,2.0,No
-0.4,11.5,99.0,69.0,1029.2,1025.9,8.0,4.0,No
5.0,13.5,99.0,61.0,1018.8,1017.8,8.0,8.0,Yes
0.5,11.6,99.0,62.0,1025.4,1024.0,8.0,1.0,No
-0.5,13.8,89.0,51.0,1032.7,1030.7,7.0,1.0,No
5.8,14.8,99.0,80.0,1018.5,1014.9,8.0,8.0,Yes
8.9,14.9,91.0,86.0,1015.5,1013.5,8.0,8.0,No
7.5,12.3,100.0,85.0,1013.7,1015.6,8.0,8.0,Yes
7.5,10.1,86.0,93.0,1016.3,1014.6,8.0,8.0,Yes
5.4,14.7,85.0,56.0,1019.5,1018.7,4.0,8.0,Yes
0.7,12.6,99.0,59.0,1024.5,1022.8,8.0,1.0,No
4.4,16.0,86.0,77.0,1013.9,1008.7,8.0,8.0,Yes
7.2,10.4,96.0,85.0,1006.2,1000.1,8.0,8.0,Yes
1.6,15.0,99.0,56.0,1016.7,1013.5,8.0,1.0,No
7.2,12.1,83.0,94.0,1004.5,1004.4,8.0,8.0,Yes
6.4,11.8,94.0,65.0,1013.8,1013.8,8.0,6.0,Yes
1.3,11.8,92.0,86.0,1016.9,1006.3,4.0,8.0,No
5.0,15.1,85.0,56.0,1008.2,1007.8,8.0,6.0,Yes
4.5,11.7,82.0,58.0,1015.7,1014.8,4.0,5.0,Yes
6.3,12.9,86.0,68.0,1018.7,1017.8,8.0,3.0,No
4.1,12.8,91.0,61.0,1017.7,1012.6,8.0,8.0,No
6.4,13.3,90.0,55.0,1013.2,1010.3,8.0,8.0,Yes
4.2,10.7,87.0,65.0,1010.9,1005.5,8.0,8.0,Yes
5.4,11.8,84.0,70.0,1003.1,1001.0,8.0,8.0,Yes
0.9,14.4,99.0,58.0,1024.4,1024.0,8.0,3.0,No
1.9,15.2,85.0,57.0,1029.6,1027.2,5.0,7.0,No
7.1,15.1,86.0,71.0,1015.8,1014.9,7.0,8.0,No
10.0,16.8,92.0,68.0,1016.5,1016.0,7.0,5.0,No
10.1,17.7,96.0,87.0,1004.7,999.0,8.0,8.0,Yes
9.8,14.2,81.0,67.0,1011.7,1013.8,8.0,7.0,Yes
6.8,12.8,89.0,64.0,1019.7,1018.7,8.0,6.0,Yes
7.2,14.7,76.0,90.0,1015.6,1009.7,8.0,8.0,No
8.1,14.0,91.0,86.0,1004.5,1006.0,8.0,8.0,Yes
7.5,13.4,64.0,49.0,1019.2,1017.0,6.0,3.0,No
3.3,13.9,67.0,60.0,1021.8,1018.8,6.0,8.0,No
2.4,16.4,90.0,55.0,1022.7,1020.8,8.0,2.0,No
8.6,20.1,70.0,48.0,1025.8,1021.7,5.0,8.0,No
3.7,19.1,96.0,61.0,1023.9,1020.7,8.0,2.0,No
14.5,19.9,91.0,66.0,1027.7,1023.9,8.0,8.0,No
13.8,18.6,93.0,90.0,989.8,982.9,8.0,8.0,Yes
6.3,15.4,77.0,56.0,1016.1,1016.3,7.0,8.0,No
9.2,17.4,74.0,50.0,1019.9,1019.4,7.0,1.0,No
14.8,19.0,81.0,77.0,1016.8,1016.8,8.0,5.0,No
10.9,22.2,77.0,47.0,1022.4,1018.5,4.0,1.0,No
16.0,19.5,95.0,96.0,1010.7,1008.4,8.0,8.0,Yes
13.8,18.7,78.0,67.0,1011.3,1012.0,8.0,8.0,Yes
10.2,18.9,79.0,52.0,1016.5,1013.8,7.0,1.0,Yes
10.1,18.8,61.0,48.0,1020.8,1019.0,8.0,5.0,No
14.7,24.7,71.0,64.0,1013.8,1014.7,7.0,4.0,Yes
21.1,26.9,63.0,78.0,1012.1,1011.0,7.0,3.0,No
17.9,24.2,92.0,68.0,1018.1,1015.5,8.0,8.0,Yes
13.6,22.6,69.0,51.0,1013.6,1012.7,5.0,2.0,Yes
17.3,29.9,65.0,48.0,1012.6,1009.3,1.0,6.0,Yes
21.3,29.8,50.0,44.0,1011.5,1008.8,1.0,8.0,No
20.3,29.7,82.0,55.0,1009.4,1005.0,8.0,7.0,Yes
18.0,26.7,85.0,50.0,1009.1,1007.2,8.0,8.0,Yes
10.4,18.0,71.0,55.0,998.8,994.3,8.0,8.0,Yes
8.6,20.5,79.0,50.0,1002.3,1004.3,7.0,8.0,Yes
21.6,26.4,81.0,87.0,1011.7,1009.4,8.0,8.0,Yes
22.1,30.6,86.0,59.0,1009.5,1006.5,8.0,8.0,Yes
20.4,23.0,97.0,95.0,1008.6,1007.3,5.0,8.0,Yes
19.8,24.8,98.0,94.0,1013.4,1011.5,8.0,8.0,Yes
18.7,28.5,88.0,57.0,1014.2,1012.9,8.0,4.0,Yes
18.9,29.2,90.0,55.0,1012.9,1010.8,8.0,5.0,Yes
19.3,30.7,68.0,51.0,1013.7,1010.3,1.0,1.0,No
16.7,25.7,80.0,50.0,1010.1,1009.7,8.0,5.0,Yes
19.6,24.8,87.0,87.0,1009.9,1009.0,8.0,8.0,No
17.9,30.0,85.0,55.0,1007.8,1003.7,4.0,7.0,Yes
18.7,20.8,92.0,95.0,1012.3,1011.9,8.0,8.0,Yes
12.8,26.3,77.0,47.0,1015.4,1012.4,1.0,1.0,No
18.6,26.8,82.0,58.0,1001.4,1000.3,8.0,5.0,No
16.3,20.1,76.0,63.0,1005.7,1005.3,8.0,8.0,No
13.9,22.0,90.0,64.0,1003.7,1003.8,8.0,3.0,Yes
13.3,22.1,77.0,49.0,1011.8,1012.6,3.0,8.0,No
11.5,25.7,86.0,52.0,1024.0,1020.2,8.0,8.0,No
12.3,25.8,87.0,55.0,1018.7,1015.6,5.0,8.0,No
8.7,20.4,81.0,66.0,1019.6,1016.3,4.0,8.0,No
9.0,21.9,74.0,46.0,1016.6,1014.5,5.0,1.0,No
3.0,11.0,83.0,55.0,1010.6,1009.0,2.0,5.0,Yes
0.2,10.1,94.0,89.0,1015.3,1013.8,6.0,8.0,No
3.8,14.1,98.0,74.0,1015.0,1012.3,8.0,6.0,Yes
-0.7,13.7,95.0,57.0,1031.5,1029.9,8.0,5.0,No
0.8,11.2,99.0,74.0,1033.0,1030.5,8.0,8.0,No
5.8,22.0,94.0,53.0,1017.0,1009.3,6.0,6.0,No
10.2,15.0,88.0,85.0,1002.9,1000.5,8.0,8.0,Yes
8.9,15.6,85.0,65.0,1007.8,1008.2,8.0,8.0,Yes
1.9,13.8,99.0,65.0,1021.9,1020.6,7.0,1.0,No
8.5,14.8,95.0,72.0,1016.3,1015.6,8.0,1.0,Yes
2.2,12.0,98.0,75.0,1018.7,1014.7,8.0,2.0,No
1.5,10.2,89.0,63.0,1019.2,1017.3,8.0,8.0,Yes
5.7,12.5,91.0,85.0,1015.1,1014.5,8.0,8.0,No
3.3,11.8,99.0,92.0,1017.7,1015.2,8.0,8.0,No
7.6,14.6,86.0,67.0,1015.4,1010.8,7.0,8.0,Yes
6.6,11.6,93.0,58.0,1002.0,1003.9,8.0,2.0,Yes
5.9,11.1,93.0,69.0,1013.3,1013.6,8.0,8.0,No
2.9,14.8,98.0,80.0,1018.7,1014.3,8.0,7.0,No
6.3,14.8,85.0,54.0,1013.2,1009.1,6.0,6.0,Yes
7.0,10.8,94.0,87.0,1010.8,1007.7,8.0,8.0,Yes
6.8,11.2,85.0,54.0,1013.9,1018.3,2.0,1.0,Yes
4.3,9.2,94.0,87.0,1022.2,1021.1,8.0,8.0,Yes
6.4,11.0,78.0,68.0,1017.7,1012.6,8.0,8.0,No
4.7,11.8,85.0,64.0,1022.2,1022.7,6.0,8.0,Yes
5.7,10.5,83.0,64.0,1025.4,1023.4,8.0,7.0,No
5.3,11.1,86.0,95.0,1024.0,1021.2,8.0,8.0,No
8.4,11.0,92.0,85.0,1018.8,1018.3,8.0,8.0,Yes
0.3,16.7,99.0,54.0,1021.5,1020.2,1.0,5.0,No
10.8,18.8,55.0,71.0,1014.9,1014.1,3.0,8.0,Yes
2.7,14.0,70.0,47.0,1013.1,1010.6,8.0,8.0,No
1.7,18.2,99.0,53.0,1022.6,1020.3,8.0,5.0,Yes
11.5,19.2,69.0,93.0,1008.7,1004.9,4.0,8.0,No
10.7,12.3,84.0,89.0,996.3,996.2,3.0,8.0,Yes
7.5,15.5,84.0,59.0,1006.1,1003.7,8.0,8.0,Yes
8.2,13.5,85.0,80.0,1005.8,1007.1,8.0,8.0,Yes
10.7,18.6,89.0,57.0,1010.1,1007.4,8.0,5.0,No
11.9,20.6,85.0,60.0,1010.8,1012.5,8.0,8.0,Yes
13.9,22.8,87.0,38.0,1011.7,1015.5,8.0,1.0,Yes
16.0,22.0,62.0,78.0,1018.3,1016.6,8.0,8.0,No
19.9,29.6,72.0,62.0,1013.4,1008.4,8.0,7.0,No
18.4,35.9,68.0,22.0,1012.7,1007.1,1.0,1.0,No
17.8,25.1,72.0,58.0,1009.7,1005.8,8.0,8.0,No
15.8,28.3,94.0,55.0,1004.3,1000.7,7.0,6.0,Yes
18.7,27.8,84.0,47.0,1007.2,1005.3,8.0,7.0,Yes
12.0,19.5,85.0,34.0,1006.8,1008.6,8.0,3.0,No
16.1,30.7,64.0,55.0,1016.6,1014.7,6.0,7.0,No
19.9,35.4,50.0,29.0,1015.6,1011.3,1.0,1.0,No
20.8,29.1,92.0,69.0,995.3,995.4,7.0,8.0,Yes
14.8,24.6,61.0,57.0,1012.2,1010.0,4.0,2.0,No
16.9,28.3,83.0,63.0,1018.0,1017.2,8.0,8.0,No
17.6,31.3,75.0,49.0,1015.7,1012.2,4.0,7.0,No
16.1,21.4,82.0,86.0,1013.2,1013.3,7.0,8.0,No
17.6,25.5,91.0,100.0,1018.3,1014.9,7.0,8.0,Yes
18.5,28.0,88.0,67.0,1015.7,1013.2,8.0,8.0,Yes
17.1,20.9,97.0,88.0,1002.0,1001.9,8.0,8.0,Yes
17.0,25.8,60.0,46.0,1010.9,1011.3,8.0,7.0,Yes
18.8,19.6,62.0,92.0,1014.2,1011.1,8.0,8.0,No
16.7,24.8,100.0,65.0,1009.3,1010.4,8.0,3.0,Yes
12.4,26.2,79.0,50.0,1019.0,1017.3,7.0,4.0,No
15.8,23.2,49.0,42.0,1023.2,1020.2,1.0,7.0,No
19.2,20.4,93.0,93.0,1010.5,1012.3,8.0,8.0,Yes
16.5,27.7,66.0,61.0,1007.9,1004.2,4.0,8.0,No
11.0,18.3,83.0,47.0,1006.9,1006.9,8.0,3.0,No
8.9,19.7,79.0,54.0,1015.0,1015.4,7.0,5.0,No
13.5,23.4,86.0,75.0,1021.1,1018.1,7.0,8.0,No
12.9,29.9,75.0,41.0,1015.6,1012.0,7.0,2.0,No
5.0,18.6,81.0,58.0,1019.2,1018.2,8.0,8.0,No
16.9,21.4,80.0,76.0,1018.4,1015.8,8.0,4.0,No
14.6,22.7,100.0,62.0,1017.3,1014.7,8.0,1.0,Yes
14.0,23.0,95.0,57.0,1012.7,1008.7,8.0,8.0,Yes
12.2,22.5,95.0,42.0,1011.0,1008.6,4.0,1.0,Yes
10.0,14.2,84.0,79.0,1014.2,1013.5,8.0,8.0,No
7.3,17.0,81.0,63.0,1015.1,1013.6,4.0,7.0,No
5.5,19.6,100.0,58.0,1023.0,1021.2,8.0,6.0,No
6.8,20.7,93.0,56.0,1025.5,1021.3,7.0,7.0,No
7.6,16.3,94.0,89.0,1021.7,1019.5,7.0,8.0,No
4.1,13.3,100.0,71.0,1018.6,1017.8,8.0,8.0,No
4.0,14.5,99.0,68.0,1021.1,1017.5,8.0,5.0,No
5.5,20.3,91.0,49.0,1019.6,1016.0,8.0,1.0,No
7.2,17.0,92.0,72.0,1021.1,1019.0,8.0,5.0,No
7.5,21.4,100.0,56.0,1022.8,1019.5,5.0,7.0,No
6.4,14.8,81.0,56.0,1015.9,1016.2,5.0,6.0,No
3.2,17.0,94.0,58.0,1026.5,1023.7,8.0,2.0,No
0.9,15.0,100.0,59.0,1026.2,1022.9,8.0,5.0,No
1.9,15.6,90.0,54.0,1025.3,1021.7,8.0,7.0,No
7.8,17.0,82.0,96.0,1017.5,1015.2,2.0,8.0,No
5.5,9.4,87.0,86.0,1011.4,1008.6,8.0,8.0,Yes
6.7,13.2,95.0,79.0,1016.1,1015.3,7.0,8.0,Yes
5.7,15.4,100.0,63.0,1023.5,1022.2,8.0,1.0,No
5.7,13.7,84.0,72.0,1016.5,1012.6,7.0,8.0,Yes
4.8,14.5,100.0,86.0,1008.4,1005.1,8.0,8.0,No
0.0,14.8,100.0,64.0,1028.2,1025.2,7.0,5.0,No
0.2,15.6,100.0,50.0,1027.5,1024.4,8.0,1.0,No
2.3,16.7,97.0,65.0,1018.2,1013.8,7.0,8.0,No
1.4,10.3,98.0,86.0,1017.5,1015.0,8.0,7.0,No
4.4,11.6,93.0,89.0,1020.9,1020.5,8.0,7.0,No
-1.3,11.7,100.0,64.0,1023.5,1018.8,8.0,7.0,No
3.0,13.8,83.0,59.0,1013.4,1007.8,8.0,8.0,No
7.5,9.7,91.0,90.0,1006.6,1009.0,8.0,8.0,Yes
-1.7,10.6,100.0,68.0,1025.1,1025.3,8.0,8.0,No
0.2,11.3,98.0,89.0,1031.1,1029.9,8.0,8.0,No
3.1,13.3,100.0,81.0,1031.0,1028.4,8.0,8.0,Yes
1.8,13.7,93.0,67.0,1031.3,1027.7,8.0,8.0,No
1.2,12.3,100.0,74.0,1025.5,1019.4,8.0,7.0,No
5.5,15.5,100.0,68.0,1013.7,1008.8,7.0,8.0,Yes
0.6,11.7,100.0,68.0,1013.6,1011.6,8.0,8.0,Yes
3.7,9.6,100.0,91.0,1016.2,1014.7,8.0,8.0,Yes
0.2,15.1,95.0,60.0,1029.0,1024.2,1.0,1.0,No
5.2,11.9,95.0,97.0,1020.8,1015.6,7.0,8.0,Yes
9.0,14.0,87.0,73.0,1019.1,1017.8,2.0,3.0,Yes
7.1,15.8,100.0,81.0,1009.3,1008.5,7.0,8.0,Yes
9.8,14.5,97.0,72.0,1012.1,1010.2,7.0,7.0,Yes
6.4,11.3,89.0,64.0,1020.4,1021.6,7.0,8.0,Yes
7.2,12.4,94.0,89.0,1028.6,1027.2,8.0,8.0,Yes
8.7,15.4,100.0,66.0,1026.2,1022.8,8.0,8.0,No
7.7,15.3,84.0,69.0,1020.7,1017.8,2.0,8.0,No
-0.8,12.7,100.0,58.0,1024.5,1023.2,8.0,3.0,No
2.3,15.3,86.0,67.0,1028.7,1027.3,3.0,8.0,No
-0.1,16.1,100.0,49.0,1032.3,1028.3,1.0,1.0,No
2.9,14.6,94.0,64.0,1021.9,1016.8,8.0,8.0,No
6.7,11.5,96.0,86.0,1013.2,1012.3,8.0,4.0,Yes
4.1,13.2,100.0,71.0,1020.8,1020.1,8.0,8.0,Yes
2.5,14.9,95.0,53.0,1018.7,1015.8,8.0,7.0,No
1.5,14.9,99.0,62.0,1018.6,1015.9,7.0,8.0,No
3.0,16.6,92.0,59.0,1014.2,1010.6,8.0,8.0,Yes
4.1,11.9,86.0,60.0,1020.0,1020.7,5.0,6.0,Yes
5.7,11.8,87.0,82.0,1018.0,1017.7,1.0,8.0,Yes
2.1,13.0,100.0,67.0,1017.8,1015.0,8.0,2.0,Yes
6.2,14.7,88.0,63.0,1015.0,1010.3,8.0,8.0,No
6.4,11.7,95.0,69.0,1003.7,1001.3,7.0,8.0,Yes
3.0,14.9,99.0,74.0,1011.0,1012.5,8.0,8.0,Yes
2.1,12.4,89.0,55.0,1024.6,1020.4,8.0,2.0,No
2.1,16.4,84.0,45.0,1020.1,1015.3,2.0,1.0,No
8.2,13.6,79.0,96.0,1007.3,1004.1,8.0,7.0,No
5.3,11.4,90.0,70.0,1013.7,1012.9,8.0,8.0,Yes
6.1,10.7,86.0,63.0,1020.6,1019.6,8.0,8.0,Yes
7.0,14.2,85.0,50.0,1020.7,1020.5,3.0,6.0,No
-0.2,14.3,100.0,59.0,1026.4,1023.2,8.0,1.0,No
6.2,12.8,85.0,53.0,1012.1,1014.3,8.0,6.0,No
3.4,13.4,88.0,47.0,1019.1,1018.0,8.0,7.0,No
7.7,17.2,69.0,57.0,1009.5,1008.1,7.0,8.0,No
6.8,13.8,86.0,59.0,1006.8,1008.8,8.0,8.0,Yes
7.5,15.2,86.0,63.0,1017.9,1017.4,8.0,8.0,Yes
0.8,13.7,77.0,61.0,1022.5,1020.6,8.0,8.0,No
4.7,17.9,82.0,53.0,1019.8,1017.3,1.0,7.0,No
5.0,16.5,85.0,68.0,1017.4,1013.4,8.0,4.0,No
8.4,19.2,87.0,58.0,1017.8,1015.1,7.0,1.0,Yes
10.4,22.1,87.0,50.0,1018.0,1010.6,7.0,6.0,No
11.9,19.4,85.0,60.0,1015.5,1014.5,8.0,8.0,No
4.2,20.7,79.0,45.0,1009.4,1008.3,1.0,3.0,No
7.6,25.7,77.0,44.0,1014.5,1007.8,5.0,1.0,No
14.3,24.3,45.0,62.0,1000.8,1001.6,5.0,7.0,No
8.1,14.0,69.0,41.0,1010.5,1012.5,8.0,8.0,Yes
3.5,16.8,93.0,58.0,1016.0,1013.0,5.0,8.0,No
7.4,11.6,89.0,85.0,1007.5,1008.0,8.0,8.0,No
8.7,19.0,87.0,77.0,1016.0,1014.2,1.0,8.0,No
17.3,20.6,53.0,47.0,1007.0,1008.6,3.0,8.0,No
18.4,20.0,95.0,93.0,1011.2,1008.9,8.0,8.0,Yes
16.1,26.1,83.0,55.0,1012.8,1011.1,6.0,8.0,Yes
15.9,28.1,71.0,52.0,1013.3,1013.4,7.0,3.0,No
18.1,22.3,57.0,80.0,1011.7,1013.5,7.0,8.0,No
21.6,36.5,50.0,33.0,1009.9,1004.5,1.0,6.0,No
18.4,34.7,61.0,36.0,1007.6,1003.9,5.0,2.0,No
14.9,20.2,81.0,82.0,1015.7,1009.7,8.0,8.0,Yes
18.3,22.2,84.0,84.0,1013.1,1015.4,8.0,7.0,Yes
7.0,21.5,92.0,53.0,1017.9,1014.2,2.0,1.0,No
10.9,23.0,72.0,60.0,1013.6,1013.4,8.0,8.0,No
10.7,26.6,72.0,39.0,1027.3,1022.8,1.0,1.0,No
14.4,24.8,80.0,53.0,1013.0,1009.1,7.0,8.0,No
10.6,14.6,90.0,79.0,1010.7,1010.3,8.0,8.0,Yes
6.0,16.9,89.0,48.0,1020.8,1019.4,8.0,8.0,No
5.7,20.5,83.0,48.0,1023.9,1021.4,7.0,3.0,No
6.0,21.4,79.0,53.0,1024.8,1022.0,2.0,1.0,No
7.9,26.5,66.0,28.0,1017.8,1015.2,5.0,7.0,No
7.9,15.8,92.0,77.0,1024.2,1024.4,8.0,7.0,No
11.3,15.7,96.0,65.0,1015.3,1013.6,8.0,8.0,Yes
1.9,11.6,100.0,82.0,1015.8,1013.7,8.0,8.0,Yes
6.1,13.7,97.0,79.0,1012.2,1010.0,8.0,8.0,Yes
9.1,14.0,90.0,76.0,1010.7,1009.9,7.0,8.0,Yes
3.5,14.9,100.0,71.0,1015.9,1014.4,7.0,5.0,Yes
1.4,13.1,100.0,62.0,1018.0,1016.0,8.0,8.0,No
0.6,15.0,100.0,63.0,1020.4,1018.0,8.0,7.0,No
2.9,14.6,99.0,72.0,1020.3,1016.0,8.0,8.0,Yes
4.2,19.3,100.0,57.0,1030.3,1026.1,7.0,1.0,No
7.8,15.2,98.0,91.0,1026.6,1024.9,8.0,8.0,No
11.2,17.6,100.0,82.0,1026.2,1022.7,7.0,8.0,Yes
10.3,15.4,99.0,98.0,1015.9,1011.5,8.0,8.0,Yes
8.5,16.9,95.0,64.0,1020.1,1021.5,8.0,8.0,Yes
4.9,11.8,100.0,100.0,1011.4,1008.4,8.0,8.0,Yes
4.3,12.2,100.0,90.0,1009.0,1009.4,8.0,8.0,Yes
0.3,10.4,100.0,83.0,1014.1,1011.9,8.0,7.0,No
3.1,15.5,100.0,63.0,1016.5,1016.0,5.0,6.0,No
2.0,13.1,84.0,85.0,1026.9,1023.2,8.0,8.0,No
2.0,12.9,100.0,82.0,1026.8,1024.8,8.0,7.0,No
3.1,14.8,100.0,69.0,1025.7,1022.2,8.0,5.0,No
1.9,15.4,83.0,59.0,1016.4,1011.5,8.0,8.0,No
8.4,12.2,73.0,56.0,1011.7,1014.0,8.0,1.0,No
4.8,13.3,83.0,60.0,1021.6,1019.8,8.0,8.0,Yes
6.1,13.0,91.0,74.0,1028.1,1027.4,8.0,6.0,Yes
4.6,13.9,100.0,61.0,1033.4,1032.5,4.0,3.0,Yes
1.5,15.8,100.0,64.0,1032.0,1028.3,3.0,8.0,No
5.0,14.8,100.0,74.0,1029.4,1026.1,5.0,6.0,No
8.0,14.0,100.0,90.0,1025.2,1022.7,7.0,8.0,Yes
11.1,14.6,86.0,89.0,1022.1,1020.9,8.0,8.0,Yes
10.1,15.5,100.0,85.0,1024.6,1022.3,6.0,8.0,Yes
11.1,18.0,100.0,78.0,1022.1,1018.8,8.0,8.0,Yes
13.5,17.3,83.0,69.0,1010.3,1008.7,8.0,8.0,Yes
8.3,11.9,89.0,78.0,1006.5,1005.2,8.0,8.0,Yes
4.5,11.2,92.0,65.0,1016.6,1014.9,7.0,7.0,Yes
4.4,11.7,76.0,73.0,1018.6,1017.5,6.0,8.0,No
3.4,12.4,100.0,73.0,1023.7,1023.8,8.0,1.0,No
3.5,12.8,98.0,63.0,1029.4,1027.2,8.0,7.0,No
6.2,17.7,87.0,70.0,1021.6,1018.5,7.0,8.0,Yes
5.7,13.2,100.0,90.0,1021.4,1021.4,8.0,8.0,No
5.0,14.5,100.0,72.0,1025.8,1023.4,8.0,2.0,No
2.8,14.3,100.0,65.0,1024.3,1020.3,7.0,1.0,No
7.0,15.9,87.0,55.0,1016.3,1012.1,8.0,8.0,No
4.7,10.4,87.0,83.0,1018.6,1014.5,1.0,8.0,Yes
6.3,13.1,89.0,62.0,1015.3,1015.6,8.0,3.0,No
7.4,13.3,96.0,85.0,1017.6,1014.5,8.0,8.0,Yes
8.0,13.6,74.0,68.0,1009.2,1010.0,8.0,8.0,Yes
3.4,11.5,94.0,89.0,1014.4,1010.7,8.0,8.0,No
2.6,11.2,95.0,85.0,1019.8,1016.6,8.0,8.0,No
2.9,15.6,100.0,58.0,1019.2,1014.9,8.0,8.0,No
4.6,14.5,79.0,57.0,1015.8,1014.9,8.0,8.0,Yes
6.4,14.4,78.0,58.0,1010.9,1011.5,8.0,8.0,Yes
2.2,11.0,94.0,67.0,1018.4,1015.5,8.0,8.0,No
6.4,11.9,89.0,85.0,1012.6,1010.6,8.0,8.0,Yes
8.6,12.3,94.0,94.0,1011.6,1011.9,8.0,8.0,Yes
6.0,15.0,100.0,75.0,1023.3,1023.8,8.0,8.0,Yes
8.1,16.2,87.0,64.0,1026.6,1024.4,8.0,8.0,No
9.5,17.1,76.0,61.0,1025.9,1023.4,8.0,8.0,No
9.8,20.0,84.0,51.0,1018.8,1011.4,5.0,1.0,Yes
13.6,20.9,82.0,61.0,1026.6,1023.4,8.0,8.0,No
6.2,16.0,79.0,64.0,1013.7,1012.0,7.0,7.0,No
7.7,13.6,93.0,99.0,1012.7,1006.8,7.0,7.0,Yes
10.8,18.4,100.0,82.0,1002.2,999.6,8.0,8.0,Yes
11.2,18.7,92.0,76.0,1003.0,999.6,8.0,8.0,No
7.7,14.0,79.0,67.0,1008.7,1007.6,5.0,8.0,Yes
7.3,14.9,87.0,72.0,1009.1,1010.7,8.0,6.0,Yes
10.3,16.7,84.0,50.0,1006.6,1011.3,8.0,6.0,No
15.8,17.2,87.0,56.0,1002.9,1008.0,8.0,8.0,Yes
4.6,15.5,77.0,49.0,1018.4,1018.5,1.0,7.0,Yes
11.2,17.7,62.0,43.0,1006.3,1012.0,8.0,1.0,No
13.3,18.2,90.0,87.0,1008.4,1010.5,8.0,8.0,Yes
7.9,16.5,62.0,37.0,1017.6,1019.2,6.0,8.0,No
10.5,21.3,52.0,50.0,1018.0,1015.8,8.0,1.0,No
10.6,17.1,57.0,61.0,1020.7,1019.0,8.0,8.0,Yes
12.1,18.6,75.0,65.0,1015.0,1011.4,8.0,8.0,Yes
10.1,17.2,86.0,55.0,1015.7,1015.1,8.0,8.0,No
8.2,21.5,69.0,48.0,1016.4,1014.9,5.0,7.0,No
16.8,27.2,63.0,50.0,1010.3,1007.7,6.0,1.0,No
21.5,23.7,62.0,93.0,1004.0,1002.3,1.0,8.0,No
10.1,17.5,90.0,60.0,1000.8,1001.3,8.0,6.0,Yes
12.1,22.4,60.0,35.0,1008.7,1008.1,5.0,5.0,No
10.9,24.5,43.0,33.0,1010.0,1008.8,1.0,5.0,No
18.3,23.9,93.0,68.0,1010.7,1011.0,8.0,3.0,Yes
16.7,27.7,61.0,22.0,1006.1,1005.8,1.0,1.0,No
18.9,30.6,40.0,32.0,1003.1,999.1,8.0,8.0,No
16.9,29.0,48.0,38.0,1020.8,1019.1,8.0,1.0,No
20.1,23.4,84.0,86.0,1010.8,1006.7,8.0,8.0,Yes
19.2,23.1,99.0,98.0,998.9,994.8,8.0,8.0,Yes
15.3,33.4,72.0,32.0,1010.2,1005.8,4.0,2.0,No
11.6,22.8,80.0,30.0,1010.1,1011.4,8.0,1.0,Yes
16.4,27.7,58.0,47.0,1020.2,1019.2,2.0,8.0,No
17.0,27.2,94.0,54.0,1020.9,1018.0,8.0,6.0,Yes
19.7,31.5,76.0,44.0,1017.2,1013.9,1.0,7.0,No
16.1,32.6,76.0,35.0,1017.0,1014.4,6.0,3.0,No
19.0,30.1,90.0,33.0,1017.9,1015.2,8.0,1.0,Yes
9.4,25.1,77.0,47.0,1016.4,1015.1,8.0,8.0,No
12.8,27.8,87.0,42.0,1020.4,1019.7,6.0,1.0,No
14.4,21.9,83.0,78.0,1023.8,1021.4,8.0,8.0,No
17.4,26.2,100.0,68.0,1018.7,1016.1,8.0,8.0,Yes
17.6,25.8,92.0,56.0,1016.1,1013.1,8.0,1.0,No
13.8,19.7,86.0,98.0,1020.4,1020.8,5.0,8.0,No
17.6,21.6,94.0,81.0,1016.7,1016.9,8.0,8.0,Yes
14.9,19.6,95.0,88.0,1019.0,1017.7,8.0,8.0,Yes
14.5,23.3,100.0,67.0,1020.3,1018.9,8.0,7.0,Yes
12.8,24.9,79.0,41.0,1025.3,1021.2,5.0,1.0,No
15.8,18.2,96.0,85.0,1021.2,1018.4,8.0,8.0,Yes
15.7,17.6,100.0,100.0,1015.2,1010.5,8.0,8.0,Yes
16.4,24.0,100.0,68.0,1007.2,1005.8,8.0,8.0,Yes
7.9,21.5,89.0,57.0,1018.4,1014.3,8.0,8.0,No
3.8,16.4,86.0,49.0,1020.2,1018.1,4.0,7.0,No
12.3,22.5,82.0,52.0,1017.3,1013.9,3.0,1.0,Yes
11.1,22.8,90.0,46.0,1014.9,1012.5,7.0,1.0,No
10.4,22.6,94.0,65.0,1016.3,1009.7,8.0,8.0,No
10.5,18.1,89.0,58.0,1016.2,1015.7,8.0,2.0,Yes
5.1,14.5,83.0,52.0,1008.4,1002.3,8.0,8.0,No
8.4,12.0,96.0,82.0,998.4,998.4,7.0,6.0,Yes
7.9,15.1,77.0,53.0,1006.7,1009.2,3.0,4.0,No
9.1,15.0,78.0,60.0,1020.3,1020.0,8.0,8.0,No
3.3,17.8,74.0,61.0,1026.0,1021.7,5.0,1.0,No
8.9,13.9,99.0,97.0,1021.9,1019.0,7.0,7.0,Yes
4.9,18.8,88.0,65.0,1029.1,1025.6,6.0,8.0,No
6.1,18.5,99.0,62.0,1028.2,1025.3,8.0,8.0,No
6.5,19.5,87.0,66.0,1029.7,1026.2,4.0,1.0,No
9.2,18.7,98.0,70.0,1028.7,1025.5,7.0,8.0,No
7.8,19.6,95.0,68.0,1026.2,1022.6,8.0,1.0,No
10.1,20.5,100.0,68.0,1023.0,1020.7,8.0,8.0,Yes
9.4,20.3,100.0,77.0,1025.2,1022.8,8.0,6.0,No
8.1,20.4,100.0,80.0,1017.8,1014.4,3.0,8.0,No
11.0,19.1,100.0,72.0,1017.5,1015.7,7.0,3.0,Yes
7.7,18.8,100.0,77.0,1020.1,1018.0,1.0,2.0,No
12.4,17.5,68.0,95.0,1012.2,1006.4,7.0,8.0,No
10.6,14.0,93.0,88.0,1014.4,1015.9,7.0,8.0,Yes
8.8,17.5,100.0,64.0,1025.0,1023.5,8.0,1.0,No
5.5,18.7,98.0,67.0,1024.2,1019.4,6.0,8.0,No
10.0,14.0,95.0,95.0,1018.2,1017.9,8.0,8.0,Yes
10.1,15.8,99.0,79.0,1018.9,1016.8,8.0,2.0,Yes
11.4,13.8,89.0,82.0,1019.3,1019.0,8.0,8.0,No
7.9,12.2,100.0,100.0,1016.1,1013.2,8.0,8.0,Yes
1.7,11.7,100.0,98.0,1023.8,1021.8,7.0,8.0,No
5.7,13.8,95.0,77.0,1027.9,1028.7,7.0,1.0,Yes
4.2,11.3,100.0,84.0,1032.5,1030.2,8.0,4.0,No
5.8,12.2,80.0,86.0,1011.3,1003.0,8.0,8.0,No
5.7,12.2,95.0,70.0,1004.1,1002.1,8.0,8.0,Yes
5.8,13.2,86.0,73.0,1015.0,1016.0,8.0,8.0,Yes
9.0,12.4,78.0,74.0,1002.0,998.9,2.0,7.0,Yes
6.4,10.7,98.0,84.0,1004.9,1006.3,8.0,8.0,Yes
2.0,10.1,97.0,73.0,1019.9,1020.3,1.0,8.0,Yes
4.9,11.1,100.0,80.0,1027.8,1028.2,8.0,8.0,No
4.7,13.9,100.0,68.0,1028.8,1024.8,7.0,1.0,No
3.6,13.9,100.0,67.0,1021.8,1017.0,8.0,1.0,No
4.1,11.1,93.0,85.0,1016.3,1015.9,8.0,8.0,Yes
7.2,9.6,94.0,89.0,1016.2,1015.1,8.0,8.0,No
4.8,10.7,100.0,77.0,1018.4,1016.5,3.0,8.0,No
6.1,13.3,93.0,70.0,1016.7,1011.6,8.0,8.0,No
5.0,11.6,89.0,87.0,1003.2,998.8,7.0,8.0,Yes
6.7,10.5,87.0,91.0,1008.7,1010.6,3.0,8.0,Yes
7.1,11.3,91.0,86.0,1021.0,1019.5,8.0,8.0,No
7.4,12.3,98.0,59.0,1019.6,1020.6,8.0,6.0,Yes
-0.9,12.6,100.0,54.0,1034.0,1029.8,3.0,8.0,No
3.5,11.3,96.0,90.0,1022.7,1018.1,8.0,8.0,No
8.1,12.4,86.0,56.0,1013.0,1011.7,8.0,3.0,Yes
0.3,13.2,100.0,58.0,1027.5,1024.1,4.0,1.0,No
1.0,12.4,96.0,79.0,1019.8,1016.4,8.0,7.0,No
2.2,17.8,100.0,61.0,1021.0,1019.5,8.0,4.0,Yes
4.2,13.6,100.0,77.0,1025.4,1023.9,8.0,7.0,No
6.7,12.7,100.0,83.0,1027.3,1025.2,8.0,7.0,No
2.7,15.0,100.0,66.0,1022.5,1018.4,8.0,1.0,No
3.0,16.9,100.0,58.0,1018.4,1015.1,7.0,7.0,No
7.9,15.4,84.0,78.0,1017.7,1016.2,8.0,8.0,No
4.7,8.7,85.0,81.0,1010.3,1010.4,8.0,3.0,No
0.1,10.5,100.0,81.0,1035.0,1031.5,8.0,8.0,No
3.6,14.6,92.0,63.0,1032.2,1029.4,8.0,8.0,No
2.0,13.8,100.0,73.0,1032.6,1030.3,8.0,8.0,No
1.7,14.2,100.0,64.0,1031.6,1027.5,8.0,8.0,No
5.5,14.6,95.0,49.0,1023.3,1022.3,2.0,1.0,No
-1.3,12.0,81.0,41.0,1029.0,1027.3,7.0,6.0,No
0.9,15.3,87.0,64.0,1022.7,1018.1,2.0,8.0,No
6.6,11.6,75.0,89.0,1013.9,1011.5,8.0,8.0,No
7.6,18.3,81.0,52.0,1013.6,1013.2,7.0,8.0,Yes
4.0,18.7,86.0,54.0,1020.8,1019.8,4.0,6.0,No
3.8,17.8,93.0,67.0,1028.8,1025.6,8.0,8.0,No
2.0,17.3,100.0,47.0,1027.3,1024.1,8.0,7.0,No
4.7,20.2,63.0,39.0,1026.2,1024.1,4.0,3.0,No
4.6,20.5,83.0,40.0,1014.7,1008.8,8.0,8.0,No
6.6,15.6,79.0,73.0,1014.3,1014.6,2.0,8.0,No
0.2,16.3,70.0,49.0,1020.1,1017.2,5.0,7.0,No
11.7,18.4,66.0,82.0,1013.2,1006.8,8.0,6.0,No
7.7,16.5,85.0,63.0,1012.0,1013.2,4.0,8.0,Yes
10.1,17.8,70.0,61.0,1018.2,1017.4,7.0,8.0,No
3.2,20.1,100.0,47.0,1022.0,1018.4,8.0,3.0,No
4.8,20.7,81.0,46.0,1017.6,1012.2,5.0,8.0,No
7.8,19.0,68.0,64.0,1009.7,1008.4,3.0,8.0,No
6.8,16.1,74.0,54.0,1015.0,1013.9,3.0,5.0,No
12.7,21.8,93.0,60.0,1013.1,1012.8,8.0,2.0,Yes
6.8,17.8,93.0,67.0,1018.2,1016.9,8.0,1.0,No
12.9,29.9,73.0,27.0,1013.3,1006.9,8.0,7.0,No
11.7,18.6,76.0,50.0,1011.9,1012.8,8.0,8.0,Yes
7.6,23.6,82.0,49.0,1018.5,1014.8,4.0,6.0,No
14.8,19.3,79.0,56.0,1006.9,1007.5,7.0,5.0,Yes
7.3,18.1,87.0,61.0,1013.5,1015.7,7.0,8.0,Yes
14.5,32.1,70.0,31.0,1017.6,1013.6,6.0,2.0,No
14.3,22.0,81.0,52.0,1005.5,1006.8,4.0,5.0,No
15.2,21.7,43.0,37.0,1002.3,1005.0,8.0,1.0,No
9.6,27.9,63.0,18.0,1020.9,1015.5,6.0,7.0,No
7.8,25.8,62.0,25.0,1015.5,1013.0,2.0,2.0,No
14.2,37.9,47.0,15.0,1009.1,1006.9,2.0,8.0,No
17.5,24.3,61.0,37.0,1008.9,1008.9,8.0,8.0,No
14.6,21.1,89.0,52.0,1004.5,1007.3,8.0,6.0,Yes
11.8,34.6,57.0,13.0,1012.7,1006.2,5.0,7.0,No
19.8,26.6,52.0,81.0,1012.5,1008.9,8.0,8.0,No
10.1,22.8,63.0,34.0,1018.2,1017.6,1.0,1.0,Yes
20.6,32.7,49.0,36.0,1011.2,1006.8,6.0,8.0,No
20.5,32.4,55.0,69.0,1008.7,1004.1,6.0,8.0,No
14.8,25.8,70.0,67.0,1011.8,1011.7,7.0,7.0,No
16.0,26.3,65.0,59.0,1005.0,1003.7,3.0,8.0,No
15.7,23.7,73.0,78.0,1005.6,1004.2,8.0,7.0,Yes
15.0,29.7,72.0,37.0,1012.4,1007.5,8.0,7.0,No
15.8,27.4,64.0,52.0,1009.7,1010.6,5.0,8.0,Yes
13.1,29.1,62.0,34.0,1012.7,1009.4,5.0,8.0,No
21.2,33.4,68.0,27.0,1010.8,1007.0,8.0,2.0,No
16.2,31.7,52.0,30.0,1016.3,1010.3,2.0,8.0,No
26.0,33.1,46.0,37.0,1013.6,1012.1,8.0,5.0,No
20.4,26.4,94.0,65.0,1009.0,1007.4,7.0,8.0,Yes
19.7,21.7,97.0,95.0,1010.9,1010.3,8.0,8.0,Yes
18.1,27.0,47.0,95.0,1006.7,1000.9,7.0,8.0,No
17.9,28.1,96.0,53.0,1000.4,1000.2,8.0,8.0,Yes
18.1,28.8,75.0,49.0,1009.8,1009.2,7.0,6.0,Yes
20.2,36.0,56.0,33.0,1007.6,1002.8,2.0,8.0,No
20.1,30.8,76.0,46.0,1005.4,1002.8,8.0,8.0,Yes
16.6,27.5,53.0,34.0,1013.9,1012.2,3.0,2.0,No
19.6,38.8,74.0,21.0,1018.7,1014.9,8.0,3.0,No
19.3,24.7,63.0,96.0,1019.6,1018.0,8.0,7.0,No
16.9,30.9,86.0,43.0,1016.5,1014.1,1.0,1.0,Yes
19.7,28.2,76.0,53.0,1018.2,1016.4,7.0,8.0,No
17.6,30.3,60.0,44.0,1014.3,1010.8,1.0,5.0,No
18.1,35.1,65.0,16.0,1008.4,1004.9,8.0,3.0,No
16.5,32.0,59.0,33.0,1014.5,1011.9,8.0,5.0,No
11.2,22.3,55.0,49.0,1011.5,1010.0,8.0,8.0,No
14.5,29.6,63.0,27.0,1011.3,1007.0,8.0,7.0,No
16.4,31.9,61.0,35.0,1013.7,1008.6,5.0,7.0,No
14.5,25.1,75.0,33.0,1012.2,1010.8,2.0,1.0,No
7.8,19.4,58.0,33.0,1019.2,1019.2,8.0,2.0,No
15.1,26.4,57.0,23.0,1016.7,1016.7,8.0,6.0,No
11.5,23.8,57.0,51.0,1019.8,1016.3,7.0,8.0,No
10.8,21.1,68.0,44.0,1007.3,1005.0,7.0,6.0,No
11.8,19.9,83.0,60.0,1008.3,1006.8,7.0,8.0,Yes
8.2,23.7,66.0,42.0,1023.7,1018.8,4.0,1.0,No
10.3,21.8,77.0,53.0,1022.3,1019.6,7.0,8.0,No
12.7,24.2,85.0,62.0,1022.1,1019.3,8.0,6.0,Yes
15.1,17.7,82.0,98.0,1023.8,1019.1,8.0,8.0,No
15.2,19.9,94.0,98.0,1015.9,1012.3,8.0,8.0,Yes
9.9,17.4,71.0,49.0,1021.1,1023.1,3.0,7.0,Yes
12.7,24.0,83.0,53.0,1014.6,1009.9,8.0,8.0,No
15.2,20.0,94.0,56.0,1007.2,1005.3,8.0,8.0,Yes
10.0,16.0,97.0,71.0,1008.1,1006.8,8.0,5.0,Yes
7.1,19.7,100.0,48.0,1014.1,1013.7,8.0,5.0,Yes
5.8,17.8,78.0,47.0,1022.1,1020.7,1.0,5.0,No
5.5,20.5,86.0,36.0,1005.9,1005.2,8.0,8.0,No
6.7,14.7,84.0,58.0,1021.1,1019.3,8.0,6.0,No
6.1,13.8,74.0,62.0,1022.6,1020.0,8.0,8.0,No
9.9,15.4,91.0,71.0,1018.6,1015.9,8.0,8.0,No
10.4,14.3,87.0,83.0,1009.6,1005.4,8.0,8.0,Yes
9.9,18.0,97.0,52.0,1011.9,1013.2,8.0,8.0,Yes
11.2,17.2,91.0,64.0,1015.4,1012.1,8.0,8.0,No
4.5,13.5,79.0,48.0,1020.8,1022.4,5.0,2.0,No
6.7,17.4,95.0,95.0,1017.6,1011.8,8.0,8.0,Yes
10.3,17.6,89.0,69.0,1014.4,1014.5,8.0,8.0,Yes
5.7,14.7,100.0,74.0,1025.2,1022.3,7.0,8.0,No
7.4,18.7,96.0,70.0,1022.7,1018.1,8.0,4.0,Yes
9.1,15.8,100.0,64.0,1022.6,1021.8,1.0,7.0,Yes
5.0,15.4,95.0,52.0,1024.0,1020.2,8.0,8.0,No
8.4,14.5,80.0,64.0,1018.4,1013.9,8.0,7.0,No
-1.2,9.9,99.0,76.0,1023.5,1018.6,8.0,8.0,No
2.3,10.9,100.0,81.0,1030.4,1026.2,8.0,6.0,No
4.3,15.0,83.0,50.0,1021.1,1023.2,8.0,2.0,No
0.3,15.3,100.0,67.0,1032.1,1027.7,7.0,6.0,No
2.4,15.7,100.0,72.0,1029.3,1025.9,2.0,6.0,No
1.8,14.0,100.0,70.0,1027.4,1023.5,4.0,8.0,No
5.9,14.4,100.0,100.0,1019.9,1016.4,8.0,8.0,Yes
11.3,12.6,100.0,100.0,1010.9,1009.1,8.0,8.0,Yes
9.9,11.1,100.0,100.0,1016.2,1015.6,8.0,8.0,Yes
7.0,14.0,100.0,91.0,1022.1,1020.6,8.0,8.0,Yes
8.2,13.4,100.0,76.0,1026.1,1026.8,8.0,4.0,No
2.3,13.2,100.0,68.0,1035.0,1032.2,7.0,5.0,No
5.6,12.4,90.0,65.0,1034.3,1032.8,1.0,1.0,No
1.0,8.6,99.0,85.0,1029.7,1028.0,8.0,8.0,No
1.1,11.6,94.0,56.0,1026.3,1023.8,8.0,8.0,No
0.7,11.8,91.0,59.0,1023.9,1020.8,8.0,8.0,No
3.6,10.0,84.0,70.0,1019.2,1017.8,8.0,8.0,No
-0.5,13.2,92.0,61.0,1030.1,1025.3,3.0,2.0,No
3.3,14.2,94.0,69.0,1020.4,1017.2,8.0,8.0,Yes
8.0,13.9,85.0,80.0,1012.0,1005.2,7.0,8.0,Yes
5.1,11.3,95.0,81.0,1005.9,1004.3,8.0,8.0,Yes
4.4,6.8,96.0,93.0,1016.6,1017.1,8.0,8.0,Yes
-0.3,15.9,95.0,56.0,1032.4,1026.3,8.0,7.0,No
4.5,13.5,89.0,83.0,1023.2,1022.5,8.0,8.0,Yes
6.5,13.6,82.0,55.0,1019.0,1017.1,8.0,1.0,Yes
8.2,11.8,87.0,55.0,1016.5,1017.1,8.0,8.0,Yes
1.4,13.8,86.0,67.0,1036.0,1033.5,7.0,8.0,No
1.0,12.2,99.0,73.0,1035.6,1031.2,8.0,8.0,No
3.3,12.5,90.0,64.0,1026.0,1021.1,6.0,8.0,No
3.8,10.3,99.0,98.0,1015.4,1014.8,7.0,7.0,Yes
7.2,11.9,99.0,60.0,1013.4,1014.6,8.0,8.0,Yes
2.2,11.5,94.0,71.0,1014.2,1012.2,8.0,2.0,Yes
2.0,10.9,87.0,73.0,1019.9,1020.6,8.0,8.0,Yes
5.0,12.6,100.0,67.0,1025.6,1023.7,8.0,8.0,Yes
1.3,14.0,99.0,64.0,1026.2,1023.3,8.0,1.0,No
0.8,11.0,100.0,74.0,1024.3,1019.8,8.0,8.0,No
3.8,15.1,99.0,58.0,1016.4,1011.6,7.0,8.0,No
1.8,9.0,86.0,86.0,1003.9,1005.0,8.0,8.0,No
1.7,12.3,90.0,78.0,1019.2,1020.1,4.0,8.0,Yes
4.2,12.8,93.0,75.0,1027.2,1026.6,8.0,8.0,No
1.7,15.9,100.0,55.0,1028.5,1023.8,8.0,7.0,No
5.5,14.2,82.0,64.0,1018.3,1015.8,8.0,5.0,No
2.0,16.4,81.0,59.0,1024.2,1020.1,8.0,8.0,No
7.9,20.7,92.0,52.0,1017.8,1016.0,3.0,1.0,Yes
8.9,17.7,89.0,59.0,1020.3,1018.6,7.0,8.0,No
7.5,13.5,76.0,78.0,1018.6,1015.7,8.0,8.0,No
8.8,11.7,87.0,91.0,1020.7,1022.3,8.0,7.0,Yes
5.8,15.0,65.0,60.0,1025.5,1022.2,8.0,8.0,Yes
9.8,15.8,94.0,73.0,1020.7,1017.9,8.0,8.0,Yes
4.2,16.2,99.0,55.0,1023.4,1021.5,8.0,2.0,No
3.2,17.6,99.0,59.0,1024.3,1020.7,8.0,6.0,No
5.2,16.4,90.0,58.0,1022.8,1018.7,8.0,3.0,No
8.2,13.6,76.0,53.0,1019.6,1018.0,8.0,2.0,Yes
6.1,14.9,94.0,63.0,1020.8,1018.6,7.0,3.0,No
13.3,18.0,73.0,49.0,1013.9,1015.3,7.0,1.0,No
6.4,20.9,82.0,50.0,1019.0,1014.9,8.0,3.0,No
10.2,23.1,66.0,53.0,1035.2,1032.2,7.0,7.0,No
15.4,22.1,85.0,76.0,1022.2,1019.2,8.0,8.0,No
13.1,29.6,79.0,52.0,1021.2,1019.2,8.0,7.0,No
16.0,29.0,82.0,46.0,1023.0,1022.8,8.0,8.0,No
16.6,24.7,80.0,66.0,1012.3,1011.0,8.0,8.0,Yes
14.1,24.6,59.0,41.0,1020.8,1018.5,8.0,8.0,No
17.4,25.9,55.0,41.0,1014.7,1014.2,1.0,1.0,No
17.1,21.7,90.0,77.0,1017.3,1015.1,7.0,8.0,Yes
15.0,27.3,90.0,50.0,1014.0,1006.6,8.0,8.0,Yes
15.9,27.1,82.0,43.0,1010.9,1009.7,8.0,6.0,Yes
16.6,21.6,76.0,83.0,1008.8,1006.0,8.0,8.0,Yes
15.2,25.1,90.0,59.0,1008.7,1006.9,7.0,4.0,Yes
12.1,23.4,64.0,43.0,1013.9,1013.3,3.0,1.0,Yes
17.8,28.3,64.0,46.0,1017.5,1015.7,5.0,8.0,No
17.9,28.2,78.0,49.0,1016.7,1012.0,8.0,8.0,Yes
12.3,31.0,67.0,25.0,1018.4,1013.2,4.0,4.0,No
17.8,34.3,46.0,28.0,1009.4,1006.7,1.0,7.0,No
17.7,30.1,45.0,28.0,1007.0,1006.6,6.0,5.0,No
14.4,34.1,50.0,18.0,1021.0,1016.9,8.0,7.0,No
21.6,33.6,55.0,35.0,1016.3,1013.5,8.0,7.0,No
21.1,30.7,81.0,58.0,1014.5,1011.4,8.0,7.0,No
15.6,33.2,47.0,19.0,1013.4,1012.4,8.0,6.0,No
20.8,40.0,50.0,17.0,1013.5,1008.7,8.0,1.0,No
18.8,23.1,89.0,71.0,1004.4,1005.1,8.0,7.0,Yes
17.3,36.6,53.0,17.0,1016.3,1012.6,6.0,3.0,No
20.4,37.6,46.0,17.0,1013.4,1009.2,7.0,3.0,No
20.9,33.6,54.0,30.0,1011.1,1008.4,8.0,8.0,No
18.4,23.1,62.0,67.0,1014.0,1014.8,8.0,8.0,Yes
17.3,23.7,74.0,65.0,1017.9,1016.5,8.0,8.0,Yes
15.5,22.9,92.0,63.0,1016.3,1013.9,8.0,8.0,Yes
17.0,28.1,76.0,52.0,1014.6,1012.6,8.0,8.0,No
26.8,30.2,50.0,39.0,1010.5,1015.5,8.0,8.0,No
23.4,33.9,23.0,24.0,1010.1,1009.3,8.0,8.0,No
20.4,38.0,62.0,22.0,1009.0,1007.2,8.0,8.0,No
22.8,28.1,67.0,89.0,1008.8,1007.4,7.0,8.0,No
18.5,25.7,96.0,65.0,1014.9,1010.5,8.0,8.0,Yes
17.7,31.7,83.0,47.0,1008.1,1002.8,7.0,1.0,Yes
17.1,24.2,77.0,72.0,1000.7,1003.4,7.0,7.0,No
13.8,24.2,79.0,48.0,1003.9,1002.2,8.0,6.0,Yes
13.0,26.1,88.0,47.0,1004.2,1003.2,8.0,2.0,Yes
19.8,25.8,67.0,74.0,1002.8,1004.4,7.0,8.0,No
22.5,40.9,43.0,15.0,1012.2,1008.1,4.0,1.0,No
22.4,36.4,38.0,36.0,1009.6,1009.1,8.0,7.0,No
16.7,35.0,37.0,24.0,1019.4,1016.2,7.0,8.0,No
20.5,37.1,54.0,29.0,1019.8,1017.2,8.0,8.0,No
18.7,38.3,49.0,24.0,1018.9,1015.4,1.0,2.0,No
24.6,36.8,54.0,27.0,1018.9,1015.0,8.0,5.0,No
20.0,32.3,70.0,43.0,1017.5,1015.1,2.0,8.0,No
20.0,34.0,80.0,45.0,1019.0,1016.9,8.0,4.0,Yes
12.7,24.2,50.0,29.0,1018.2,1016.5,6.0,1.0,No
14.2,25.1,69.0,47.0,1020.3,1017.8,5.0,6.0,No
15.5,28.4,85.0,39.0,1018.7,1015.9,2.0,1.0,No
11.4,19.7,66.0,64.0,1023.0,1021.8,5.0,4.0,No
10.6,25.7,72.0,36.0,1021.8,1017.9,1.0,2.0,Yes
12.8,23.6,97.0,46.0,1022.6,1019.9,8.0,3.0,Yes
11.7,28.5,70.0,32.0,1022.9,1018.9,8.0,2.0,No
12.1,26.9,68.0,92.0,1019.2,1017.5,1.0,8.0,No
16.8,23.4,100.0,64.0,1018.1,1015.1,8.0,8.0,Yes
13.2,20.0,74.0,46.0,1012.1,1013.0,3.0,4.0,Yes
3.8,16.9,88.0,44.0,1017.8,1014.4,5.0,8.0,No
10.5,20.3,73.0,45.0,1021.5,1017.6,8.0,1.0,No
13.9,18.2,100.0,98.0,1014.6,1008.6,7.0,8.0,Yes
14.7,18.3,90.0,73.0,1003.4,1000.7,8.0,1.0,Yes
13.4,17.3,85.0,69.0,1005.2,1008.4,8.0,8.0,Yes
9.3,15.8,82.0,63.0,1017.6,1015.4,7.0,8.0,Yes
10.8,17.2,96.0,86.0,1016.3,1017.0,8.0,8.0,Yes
8.7,20.3,91.0,64.0,1025.5,1021.6,6.0,8.0,No
6.3,20.4,100.0,47.0,1021.5,1017.4,8.0,1.0,No
8.0,17.3,80.0,57.0,1020.6,1018.0,4.0,8.0,No
8.3,17.3,82.0,63.0,1019.7,1016.5,8.0,8.0,No
10.4,15.8,75.0,55.0,1018.6,1018.5,8.0,8.0,Yes
8.2,16.2,90.0,57.0,1021.5,1018.9,5.0,1.0,No
2.5,14.8,99.0,72.0,1019.5,1014.8,8.0,5.0,No
6.9,14.1,100.0,84.0,1005.0,1002.3,8.0,8.0,Yes
0.5,14.1,99.0,54.0,1020.0,1019.8,8.0,5.0,No
4.7,13.6,73.0,76.0,1025.0,1021.8,8.0,8.0,No
9.8,14.9,95.0,92.0,1015.2,1008.3,8.0,8.0,Yes
10.8,14.6,97.0,89.0,1006.9,1002.4,8.0,8.0,Yes
7.2,12.3,99.0,80.0,1004.9,1004.0,8.0,8.0,Yes
9.0,12.6,92.0,81.0,1004.3,1004.9,8.0,8.0,Yes
9.8,14.6,88.0,76.0,1013.1,1010.1,8.0,8.0,Yes
11.4,15.7,80.0,78.0,1005.5,1006.7,8.0,8.0,Yes
10.5,13.8,89.0,64.0,1020.0,1020.3,8.0,6.0,Yes
4.1,15.9,97.0,83.0,1014.7,1013.5,8.0,8.0,Yes
9.0,17.6,100.0,71.0,1018.0,1017.1,7.0,8.0,No
10.0,16.6,90.0,83.0,1000.1,998.4,8.0,8.0,Yes
8.8,11.6,89.0,84.0,1004.9,1003.4,7.0,8.0,Yes
9.1,13.7,89.0,68.0,1005.9,1008.4,8.0,7.0,Yes
9.0,13.2,85.0,73.0,1010.3,1005.4,7.0,8.0,No
6.6,8.2,87.0,85.0,1004.8,1007.6,8.0,6.0,Yes
2.1,10.6,100.0,68.0,1019.5,1018.7,8.0,8.0,No
2.5,11.8,100.0,80.0,1026.9,1026.6,8.0,8.0,No
6.2,13.5,99.0,75.0,1029.8,1026.4,8.0,8.0,No
3.0,11.2,90.0,82.0,1019.3,1013.2,8.0,8.0,No
5.2,11.4,96.0,76.0,1019.0,1021.4,8.0,8.0,Yes
7.2,12.5,88.0,86.0,1027.7,1026.4,8.0,8.0,No
7.9,12.7,100.0,82.0,1027.5,1024.7,8.0,7.0,No
8.2,11.7,97.0,70.0,1021.1,1016.0,8.0,8.0,No
6.7,10.6,92.0,99.0,1011.2,1008.6,8.0,8.0,No
6.5,11.8,96.0,94.0,1022.7,1020.8,8.0,8.0,No
7.0,15.8,100.0,76.0,1025.5,1023.1,8.0,8.0,Yes
6.2,14.0,100.0,74.0,1023.8,1018.9,3.0,6.0,No
9.1,16.2,82.0,52.0,1009.3,1007.9,8.0,1.0,Yes
3.6,9.5,87.0,66.0,1019.3,1023.1,8.0,8.0,Yes
-0.3,10.8,99.0,72.0,1032.6,1030.1,8.0,6.0,No
4.4,12.8,90.0,66.0,1032.9,1030.6,6.0,7.0,No
7.3,15.2,100.0,88.0,1023.3,1021.8,8.0,8.0,Yes
8.5,17.3,100.0,70.0,1020.9,1019.5,7.0,1.0,No
6.2,16.8,100.0,96.0,1020.1,1015.6,8.0,8.0,No
9.9,18.2,92.0,99.0,1003.6,999.5,8.0,8.0,Yes
7.1,10.8,82.0,67.0,1005.2,1009.8,8.0,8.0,Yes
4.7,11.5,89.0,87.0,1013.5,1012.2,8.0,8.0,Yes
4.5,11.3,85.0,72.0,1017.4,1014.4,6.0,8.0,Yes
6.9,12.6,90.0,82.0,1013.7,1017.3,5.0,6.0,Yes
5.9,10.8,85.0,79.0,1027.6,1026.1,7.0,8.0,No
7.7,12.2,94.0,73.0,1025.8,1022.9,8.0,8.0,No
8.3,12.1,96.0,74.0,1024.4,1021.5,8.0,8.0,No
8.0,14.3,93.0,76.0,1019.4,1017.4,8.0,8.0,Yes
9.6,11.8,100.0,92.0,1017.0,1012.3,8.0,6.0,Yes
0.7,15.6,88.0,43.0,1027.9,1024.8,7.0,1.0,No
1.4,15.1,89.0,65.0,1026.7,1023.5,2.0,5.0,No
1.8,17.2,87.0,60.0,1022.0,1015.9,1.0,4.0,No
7.4,15.0,79.0,56.0,1015.7,1013.9,7.0,8.0,Yes
0.7,11.6,100.0,58.0,1025.6,1021.8,1.0,8.0,No
4.7,15.4,87.0,60.0,1024.2,1022.5,1.0,6.0,No
2.2,16.8,100.0,56.0,1033.0,1030.1,8.0,1.0,No
6.0,18.0,92.0,65.0,1024.8,1022.6,1.0,7.0,No
9.3,16.4,58.0,80.0,1012.9,1009.7,8.0,7.0,No
5.3,12.0,86.0,66.0,1016.1,1015.2,8.0,7.0,Yes
5.4,15.4,83.0,56.0,1020.1,1016.5,8.0,2.0,No
8.4,13.9,91.0,79.0,1016.8,1013.9,5.0,8.0,No
3.3,14.1,97.0,52.0,1013.2,1012.7,6.0,1.0,No
0.2,13.6,100.0,50.0,1022.9,1020.5,8.0,1.0,No
2.1,16.9,89.0,57.0,1024.8,1021.5,7.0,8.0,No
3.4,18.2,85.0,51.0,1027.6,1024.2,6.0,3.0,No
7.8,15.3,81.0,72.0,1024.7,1020.0,3.0,8.0,No
10.6,18.4,100.0,66.0,1015.9,1015.4,7.0,6.0,Yes
8.5,16.7,96.0,65.0,1020.0,1016.1,8.0,7.0,No
9.6,16.6,90.0,60.0,1003.4,1008.8,6.0,1.0,Yes
7.7,15.1,82.0,66.0,1023.7,1025.4,8.0,7.0,No
4.4,15.9,93.0,63.0,1031.3,1029.1,8.0,7.0,No
4.4,18.1,100.0,68.0,1030.7,1028.1,8.0,2.0,No
8.1,20.3,94.0,63.0,1027.2,1021.3,8.0,8.0,No
12.6,17.8,86.0,91.0,1014.8,1009.8,8.0,8.0,Yes
11.2,17.7,91.0,67.0,1012.4,1013.7,8.0,8.0,Yes
6.9,19.7,79.0,55.0,1020.6,1016.1,8.0,1.0,No
12.4,16.2,84.0,56.0,1009.5,1008.8,7.0,8.0,Yes
8.3,13.6,88.0,72.0,1008.5,1011.0,8.0,7.0,Yes
9.4,16.1,87.0,56.0,1018.7,1018.1,8.0,8.0,No
7.1,13.8,98.0,94.0,1010.7,1005.9,7.0,8.0,Yes
9.8,16.2,96.0,72.0,1009.3,1005.3,8.0,8.0,Yes
8.3,20.5,83.0,45.0,1012.3,1008.2,6.0,4.0,No
4.8,15.9,73.0,52.0,1014.8,1011.9,6.0,7.0,No
7.1,15.2,79.0,57.0,1012.9,1012.4,8.0,5.0,Yes
11.1,14.8,89.0,59.0,993.7,993.1,8.0,8.0,Yes
8.4,13.7,98.0,84.0,992.9,995.7,8.0,8.0,Yes
9.2,14.9,98.0,78.0,1006.2,1007.7,8.0,8.0,Yes
10.8,15.1,76.0,59.0,1000.3,1000.5,1.0,3.0,Yes
8.3,15.0,90.0,86.0,1006.9,1002.4,8.0,8.0,Yes
3.5,15.7,78.0,64.0,1018.3,1017.6,2.0,6.0,Yes
5.3,16.7,75.0,59.0,1017.9,1016.5,5.0,8.0,No
9.7,17.6,85.0,49.0,1008.7,1009.9,8.0,3.0,Yes
10.1,16.4,82.0,76.0,1012.8,1011.6,8.0,8.0,No
12.7,24.6,52.0,42.0,1013.0,1011.0,1.0,4.0,No
14.7,24.3,64.0,68.0,1005.9,1003.5,1.0,8.0,No
7.1,18.6,63.0,43.0,1014.3,1011.6,7.0,5.0,No
9.6,18.4,57.0,40.0,1010.4,1011.6,8.0,5.0,No
7.9,20.9,66.0,43.0,1012.4,1010.9,2.0,1.0,No
11.6,24.9,64.0,43.0,1006.9,1008.0,2.0,3.0,No
14.1,27.1,87.0,38.0,1001.3,998.1,8.0,1.0,Yes
11.7,16.0,87.0,88.0,999.4,997.5,8.0,6.0,Yes
14.3,21.6,98.0,44.0,1011.8,1010.3,8.0,7.0,Yes
16.0,22.7,93.0,66.0,1010.7,1007.8,5.0,8.0,Yes
17.5,34.0,49.0,69.0,1013.6,1011.7,7.0,4.0,No
19.1,36.0,67.0,35.0,1010.6,1007.0,1.0,1.0,No
19.8,31.0,77.0,52.0,1012.0,1009.3,6.0,8.0,Yes
16.7,32.0,64.0,48.0,1003.2,1000.0,3.0,5.0,No
18.6,28.1,100.0,61.0,996.6,995.9,8.0,8.0,Yes
23.5,32.1,59.0,24.0,1009.5,1009.6,3.0,1.0,No
20.9,23.8,94.0,88.0,1011.9,1013.3,8.0,4.0,Yes
14.7,30.9,55.0,30.0,1020.8,1018.5,7.0,2.0,No
18.9,31.2,62.0,36.0,1017.1,1013.9,1.0,3.0,No
15.4,33.9,65.0,25.0,1019.0,1015.8,2.0,1.0,No
17.6,24.4,82.0,69.0,1014.9,1013.5,8.0,8.0,No
9.1,24.2,73.0,52.0,1023.9,1018.0,8.0,5.0,No
14.1,19.9,69.0,62.0,1009.3,1008.1,8.0,8.0,Yes
7.8,17.4,89.0,72.0,1010.4,1011.7,4.0,1.0,Yes
14.5,17.6,95.0,89.0,1025.6,1024.7,8.0,8.0,No
14.8,19.7,100.0,77.0,1026.2,1023.2,8.0,8.0,Yes
11.0,23.3,81.0,59.0,1022.3,1016.9,1.0,2.0,No
15.4,20.4,100.0,76.0,1009.5,1006.5,8.0,2.0,Yes
10.0,15.7,85.0,59.0,1006.9,1008.4,8.0,6.0,Yes
6.3,19.8,100.0,64.0,1023.2,1020.7,8.0,8.0,No
6.8,19.9,99.0,61.0,1023.6,1020.1,7.0,6.0,No
4.6,19.4,83.0,55.0,1024.6,1020.8,1.0,1.0,No
7.7,18.2,82.0,59.0,1022.5,1019.7,7.0,1.0,No
4.4,17.6,91.0,63.0,1022.8,1020.3,1.0,1.0,No
9.8,15.3,70.0,100.0,1021.8,1018.8,8.0,8.0,No
6.8,18.4,100.0,66.0,1022.7,1021.1,8.0,7.0,No
4.4,19.6,100.0,71.0,1021.2,1016.6,1.0,8.0,No
4.2,14.0,100.0,76.0,1023.6,1022.0,7.0,8.0,No
9.0,14.3,93.0,80.0,1010.8,1010.3,8.0,8.0,Yes
2.8,12.4,91.0,63.0,1021.5,1021.6,4.0,1.0,Yes
6.0,9.4,96.0,100.0,1024.4,1022.0,8.0,7.0,No
1.2,12.5,100.0,71.0,1027.3,1024.4,8.0,7.0,No
0.8,13.4,100.0,66.0,1029.4,1025.9,8.0,1.0,No
1.1,11.9,100.0,81.0,1022.3,1017.7,8.0,1.0,No
1.1,14.1,100.0,49.0,1018.8,1017.2,7.0,6.0,No
3.9,10.9,88.0,82.0,1020.5,1018.8,7.0,8.0,No
17.9,35.2,20.0,13.0,1006.3,1004.4,2.0,5.0,No
18.4,28.9,30.0,8.0,1012.9,1012.1,1.0,1.0,No
19.4,37.6,42.0,22.0,1012.3,1009.2,1.0,6.0,No
21.9,38.4,37.0,22.0,1012.7,1009.1,1.0,5.0,No
24.2,41.0,19.0,15.0,1010.7,1007.4,1.0,6.0,No
27.1,36.1,26.0,19.0,1007.7,1007.4,8.0,8.0,No
23.3,34.0,33.0,15.0,1011.3,1009.9,3.0,1.0,No
16.1,34.2,25.0,9.0,1013.3,1009.2,1.0,1.0,No
19.0,35.5,46.0,28.0,1008.3,1004.0,1.0,5.0,No
19.7,35.5,61.0,14.0,1007.9,1005.8,1.0,5.0,No
20.9,37.8,27.0,9.0,1012.6,1010.1,0.0,1.0,No
23.9,39.1,40.0,15.0,1013.6,1010.4,0.0,2.0,No
24.9,41.2,25.0,15.0,1012.9,1010.1,1.0,3.0,No
25.2,40.5,24.0,15.0,1012.4,1009.0,4.0,6.0,No
21.6,34.2,19.0,8.0,1014.1,1012.3,0.0,0.0,No
18.4,31.8,25.0,5.0,1016.3,1013.8,0.0,1.0,No
17.9,34.2,46.0,19.0,1016.4,1013.5,1.0,2.0,No
21.4,37.5,34.0,29.0,1013.1,1009.6,7.0,6.0,No
23.3,39.4,54.0,14.0,1011.1,1008.5,1.0,7.0,Yes
25.4,33.5,46.0,52.0,1012.0,1009.8,4.0,7.0,No
21.8,30.7,71.0,63.0,1008.6,1006.2,7.0,7.0,No
20.3,36.0,89.0,50.0,1008.6,1006.7,7.0,4.0,Yes
22.1,34.7,46.0,23.0,1008.6,1008.3,2.0,6.0,Yes
19.7,37.3,19.0,10.0,1013.1,1011.8,1.0,1.0,No
23.8,39.9,50.0,16.0,1014.6,1012.1,0.0,1.0,No
27.0,38.7,45.0,22.0,1015.2,1012.6,1.0,3.0,No
26.2,38.5,37.0,17.0,1014.4,1011.5,0.0,2.0,No
25.0,39.5,31.0,14.0,1014.6,1011.2,0.0,1.0,No
25.1,39.3,34.0,18.0,1013.8,1010.5,0.0,1.0,No
25.2,38.5,35.0,18.0,1015.2,1011.9,1.0,2.0,No
24.8,40.8,34.0,16.0,1012.9,1009.8,5.0,3.0,No
27.6,40.3,32.0,20.0,1010.4,1007.1,5.0,2.0,No
23.6,40.4,42.0,17.0,1008.4,1005.0,1.0,2.0,No
24.1,41.4,50.0,21.0,1007.0,1003.5,0.0,4.0,Yes
27.2,43.4,33.0,14.0,1005.9,1003.3,1.0,3.0,No
29.1,43.5,25.0,16.0,1007.5,1005.2,1.0,2.0,No
28.9,41.4,22.0,14.0,1010.4,1008.3,1.0,0.0,No
25.1,42.0,23.0,9.0,1009.9,1007.3,0.0,1.0,No
25.4,36.6,24.0,12.0,1008.6,1006.9,5.0,5.0,No
19.3,28.1,26.0,14.0,1010.2,1008.8,7.0,4.0,No
14.1,25.9,38.0,19.0,1011.9,1010.1,0.0,0.0,No
14.5,30.1,44.0,25.0,1013.2,1010.0,6.0,6.0,No
16.8,23.3,66.0,53.0,1013.8,1012.2,7.0,7.0,No
16.1,19.1,81.0,93.0,1014.3,1013.2,7.0,7.0,Yes
16.0,24.2,66.0,56.0,1012.1,1011.2,5.0,6.0,Yes
17.4,19.7,65.0,97.0,1011.2,1010.7,7.0,7.0,No
15.9,20.8,94.0,77.0,1011.9,1010.2,8.0,7.0,Yes
16.5,27.4,69.0,53.0,1009.0,1006.2,3.0,6.0,Yes
16.8,30.6,66.0,28.0,1008.7,1007.1,0.0,3.0,No
20.4,34.0,45.0,19.0,1011.0,1009.6,2.0,4.0,No
19.9,31.7,39.0,25.0,1012.5,1010.8,1.0,1.0,No
17.2,34.3,52.0,19.0,1013.3,1011.2,0.0,2.0,No
21.9,35.1,53.0,30.0,1012.8,1010.4,3.0,4.0,No
21.0,34.7,60.0,34.0,1013.5,1011.7,3.0,4.0,Yes
18.7,33.1,69.0,32.0,1014.9,1013.2,2.0,2.0,No
17.9,33.8,25.0,19.0,1014.7,1013.0,0.0,1.0,No
19.9,33.5,55.0,22.0,1014.5,1011.7,1.0,1.0,No
22.2,36.9,41.0,18.0,1010.9,1008.1,6.0,2.0,No
16.9,32.8,33.0,14.0,1011.4,1010.1,6.0,3.0,No
20.0,31.1,31.0,31.0,1013.4,1012.7,7.0,6.0,No
23.0,38.9,28.0,20.0,1012.8,1008.6,7.0,1.0,No
18.6,24.5,46.0,21.0,1016.0,1015.6,8.0,1.0,No
14.1,24.6,50.0,29.0,1016.9,1014.2,1.0,0.0,No
11.9,26.4,52.0,28.0,1014.8,1012.0,0.0,0.0,No
13.1,29.6,42.0,18.0,1014.6,1012.4,0.0,0.0,No
16.5,33.2,29.0,13.0,1014.2,1012.0,0.0,0.0,No
21.1,33.4,52.0,29.0,1015.8,1013.2,3.0,6.0,No
21.6,31.1,49.0,34.0,1014.9,1013.7,7.0,7.0,No
19.5,31.4,54.0,34.0,1016.9,1014.4,1.0,1.0,No
21.6,32.2,54.0,35.0,1016.2,1013.2,6.0,5.0,No
18.5,29.6,86.0,43.0,1016.1,1013.3,5.0,6.0,Yes
16.0,24.3,47.0,25.0,1014.5,1012.2,1.0,0.0,No
9.2,24.4,43.0,34.0,1015.1,1012.6,0.0,3.0,No
12.1,25.8,58.0,25.0,1015.6,1013.6,0.0,0.0,No
13.9,29.5,41.0,23.0,1015.8,1012.9,0.0,0.0,No
15.3,32.3,39.0,16.0,1014.7,1012.7,5.0,1.0,No
17.6,33.9,29.0,9.0,1014.5,1011.9,0.0,1.0,No
19.1,34.2,40.0,14.0,1014.7,1011.9,1.0,3.0,No
20.9,34.3,46.0,19.0,1014.4,1011.9,7.0,1.0,No
21.3,35.9,35.0,17.0,1014.5,1012.5,2.0,1.0,No
19.2,37.0,30.0,12.0,1014.9,1013.7,1.0,1.0,No
23.5,36.5,29.0,14.0,1017.3,1016.0,2.0,5.0,No
21.9,36.4,31.0,13.0,1019.2,1016.8,5.0,4.0,No
20.8,31.2,46.0,18.0,1021.3,1019.3,3.0,1.0,No
15.9,31.0,52.0,23.0,1021.2,1018.9,0.0,1.0,No
16.6,31.6,40.0,18.0,1020.3,1017.3,5.0,6.0,No
17.3,31.0,43.0,24.0,1019.5,1016.3,3.0,1.0,No
17.5,30.0,49.0,29.0,1018.4,1015.0,1.0,2.0,No
18.0,30.6,55.0,36.0,1016.3,1014.1,1.0,6.0,No
19.7,31.8,67.0,40.0,1017.9,1015.1,0.0,6.0,No
21.0,32.8,60.0,36.0,1018.0,1014.8,2.0,6.0,No
15.6,24.3,51.0,30.0,1020.2,1018.0,0.0,0.0,No
9.9,24.6,40.0,17.0,1019.8,1016.3,0.0,0.0,No
10.7,23.3,53.0,23.0,1021.2,1018.6,0.0,0.0,No
9.4,25.6,44.0,26.0,1023.6,1020.0,0.0,0.0,No
13.5,28.4,57.0,32.0,1023.0,1019.8,1.0,3.0,No
17.1,28.7,45.0,32.0,1021.2,1016.9,7.0,7.0,No
16.5,20.6,97.0,76.0,1021.3,1019.3,7.0,7.0,Yes
16.0,24.4,94.0,63.0,1023.1,1020.2,7.0,5.0,Yes
16.8,23.9,89.0,68.0,1022.9,1020.2,7.0,5.0,Yes
16.2,23.9,92.0,71.0,1020.6,1016.4,7.0,7.0,No
15.1,24.1,94.0,61.0,1016.4,1013.6,7.0,6.0,No
14.5,28.4,56.0,23.0,1014.6,1012.0,0.0,1.0,No
14.9,29.4,52.0,22.0,1015.1,1011.2,5.0,2.0,No
11.7,23.8,38.0,27.0,1017.7,1015.7,0.0,0.0,No
11.2,23.8,50.0,29.0,1020.9,1018.2,0.0,0.0,No
11.4,25.6,46.0,25.0,1020.3,1016.3,0.0,0.0,No
13.3,24.1,52.0,23.0,1019.6,1016.1,0.0,1.0,No
11.9,24.0,52.0,33.0,1021.0,1016.8,1.0,1.0,No
12.3,24.6,58.0,30.0,1021.8,1018.0,4.0,1.0,No
12.0,25.9,57.0,28.0,1018.5,1013.7,0.0,4.0,No
16.7,24.6,51.0,36.0,1009.2,1003.6,8.0,6.0,No
12.7,23.4,64.0,36.0,1010.3,1006.0,1.0,5.0,No
11.2,18.4,54.0,37.0,1011.1,1010.7,1.0,6.0,No
5.7,19.7,58.0,34.0,1017.7,1015.2,0.0,1.0,No
12.4,19.9,78.0,41.0,1020.7,1018.6,7.0,3.0,No
6.2,17.0,57.0,34.0,1021.6,1018.9,7.0,2.0,No
6.2,19.3,49.0,31.0,1024.9,1021.6,6.0,6.0,No
6.6,20.6,39.0,29.0,1025.6,1022.5,0.0,1.0,No
7.5,22.8,54.0,22.0,1026.0,1023.5,0.0,1.0,No
8.5,23.3,55.0,25.0,1028.3,1025.8,0.0,1.0,No
9.7,23.1,41.0,18.0,1029.7,1025.9,1.0,2.0,No
5.9,23.9,45.0,25.0,1027.4,1023.0,1.0,3.0,No
7.9,23.5,45.0,25.0,1025.5,1022.7,1.0,1.0,No
7.5,21.7,65.0,27.0,1027.7,1024.3,0.0,0.0,No
6.2,22.2,55.0,27.0,1025.1,1020.7,0.0,0.0,No
7.7,23.2,45.0,25.0,1022.2,1019.1,0.0,0.0,No
10.4,23.4,52.0,27.0,1022.6,1019.2,0.0,4.0,No
9.7,23.2,42.0,29.0,1021.5,1018.0,0.0,4.0,No
9.0,21.2,45.0,30.0,1019.1,1016.4,1.0,4.0,No
5.4,20.4,51.0,35.0,1019.4,1016.6,0.0,3.0,No
7.5,21.2,50.0,32.0,1019.6,1016.6,1.0,1.0,No
8.8,20.6,56.0,46.0,1018.1,1016.4,2.0,6.0,No
7.8,19.4,64.0,35.0,1022.3,1018.5,7.0,6.0,No
6.9,21.0,53.0,32.0,1020.3,1017.3,5.0,7.0,No
12.8,14.7,96.0,91.0,1018.7,1015.6,8.0,8.0,Yes
12.5,15.6,96.0,91.0,1016.1,1014.9,8.0,8.0,Yes
12.7,20.0,64.0,49.0,1018.2,1016.2,7.0,5.0,Yes
10.9,20.8,64.0,49.0,1018.5,1015.4,1.0,3.0,No
12.6,22.9,68.0,50.0,1017.5,1015.7,2.0,4.0,No
13.2,22.9,66.0,49.0,1021.2,1019.0,2.0,2.0,No
13.5,21.5,67.0,50.0,1022.6,1019.1,6.0,5.0,No
13.0,21.3,87.0,63.0,1020.8,1018.5,7.0,7.0,No
12.6,16.3,96.0,76.0,1021.5,1018.8,8.0,7.0,Yes
7.2,15.9,74.0,44.0,1023.1,1020.5,3.0,2.0,No
2.4,15.6,82.0,45.0,1023.7,1021.8,2.0,4.0,No
6.8,17.7,74.0,52.0,1025.6,1023.6,0.0,4.0,No
10.7,15.6,76.0,63.0,1027.7,1025.2,8.0,8.0,No
11.3,13.0,95.0,95.0,1026.5,1023.8,8.0,8.0,Yes
11.1,13.9,97.0,97.0,1023.8,1021.6,8.0,8.0,Yes
12.3,17.8,95.0,68.0,1022.3,1019.4,7.0,5.0,Yes
11.6,18.6,97.0,40.0,1020.4,1017.1,7.0,4.0,No
6.9,17.6,86.0,40.0,1018.4,1015.5,3.0,3.0,No
6.9,16.7,72.0,92.0,1014.4,1011.2,5.0,7.0,No
6.5,14.5,79.0,70.0,1011.3,1010.4,2.0,7.0,Yes
8.8,15.8,78.0,55.0,1014.9,1013.5,1.0,8.0,No
5.5,14.3,84.0,57.0,1017.4,1015.1,1.0,7.0,No
0.2,12.1,79.0,46.0,1026.6,1024.1,0.0,1.0,No
1.9,12.8,73.0,50.0,1025.4,1021.3,3.0,7.0,No
6.1,18.0,68.0,32.0,1017.6,1012.6,6.0,2.0,No
8.3,19.0,61.0,26.0,1012.1,1009.7,6.0,2.0,No
4.7,14.9,68.0,60.0,1013.0,1011.6,6.0,7.0,No
7.9,17.1,91.0,39.0,1021.0,1020.3,5.0,2.0,No
5.2,17.8,73.0,42.0,1026.2,1024.3,0.0,6.0,No
6.5,17.5,78.0,47.0,1027.3,1024.6,1.0,2.0,No
6.7,17.3,83.0,51.0,1026.2,1023.1,2.0,6.0,No
8.5,18.4,76.0,42.0,1023.2,1018.5,6.0,7.0,No
11.7,20.1,78.0,55.0,1019.6,1016.6,7.0,6.0,No
9.5,20.9,86.0,44.0,1018.8,1017.2,1.0,1.0,Yes
7.4,22.3,84.0,32.0,1018.7,1015.2,5.0,5.0,No
6.5,16.7,48.0,38.0,1016.3,1014.2,1.0,1.0,No
7.2,16.6,73.0,51.0,1016.3,1013.1,7.0,6.0,No
7.8,12.2,81.0,95.0,1010.3,1006.6,7.0,7.0,No
9.2,14.6,96.0,94.0,1006.7,1005.6,7.0,7.0,Yes
9.5,16.0,90.0,62.0,1010.0,1009.3,7.0,5.0,Yes
9.8,20.7,65.0,43.0,1012.9,1007.2,7.0,7.0,No
8.7,17.0,52.0,25.0,1012.4,1011.0,0.0,0.0,No
4.3,16.5,59.0,50.0,1015.9,1013.5,1.0,5.0,No
8.5,14.3,83.0,49.0,1016.0,1015.5,7.0,5.0,No
7.1,13.5,85.0,70.0,1021.3,1020.2,6.0,7.0,No
8.3,14.7,79.0,55.0,1021.8,1019.7,7.0,6.0,No
4.4,12.8,77.0,50.0,1022.5,1019.5,7.0,4.0,No
1.7,14.6,85.0,40.0,1022.1,1020.1,2.0,1.0,No
5.3,16.6,74.0,50.0,1025.1,1023.2,3.0,3.0,No
6.3,17.0,64.0,42.0,1027.8,1024.9,1.0,1.0,No
5.6,17.6,78.0,42.0,1025.2,1021.1,2.0,2.0,No
8.4,18.4,65.0,42.0,1019.7,1015.2,4.0,3.0,No
10.5,19.5,59.0,56.0,1013.3,1011.5,7.0,8.0,No
7.7,15.6,95.0,46.0,1011.6,1009.7,7.0,7.0,No
4.6,14.7,75.0,46.0,1010.7,1007.9,5.0,6.0,No
6.3,12.0,98.0,92.0,1008.9,1009.3,8.0,7.0,Yes
6.7,13.2,88.0,57.0,1015.9,1015.3,7.0,7.0,Yes
1.9,13.7,79.0,55.0,1023.0,1021.4,4.0,7.0,No
3.2,15.3,80.0,44.0,1023.5,1020.0,3.0,5.0,No
3.7,17.6,60.0,39.0,1023.7,1021.7,1.0,0.0,No
4.7,18.5,57.0,34.0,1025.0,1020.5,0.0,0.0,No
8.2,22.7,48.0,38.0,1019.8,1015.2,7.0,6.0,No
12.2,17.4,61.0,90.0,1012.0,1010.2,6.0,8.0,No
5.1,13.0,74.0,49.0,1019.1,1020.3,1.0,3.0,Yes
1.2,15.5,75.0,38.0,1027.0,1024.7,0.0,1.0,No
3.4,17.1,66.0,40.0,1025.3,1021.0,1.0,2.0,No
8.9,12.2,91.0,77.0,1018.1,1013.5,8.0,7.0,No
4.6,11.4,99.0,74.0,1022.6,1022.7,8.0,7.0,Yes
3.6,16.6,80.0,52.0,1027.0,1025.1,2.0,6.0,No
5.3,15.1,72.0,56.0,1028.4,1027.0,1.0,7.0,No
4.9,15.8,90.0,55.0,1027.9,1024.6,3.0,7.0,No
9.3,17.2,71.0,50.0,1025.4,1023.8,8.0,5.0,No
4.7,16.3,73.0,48.0,1028.6,1026.2,0.0,2.0,No
5.2,17.6,64.0,41.0,1029.4,1025.4,0.0,0.0,No
4.6,17.8,60.0,44.0,1026.2,1023.3,1.0,1.0,No
5.9,19.9,64.0,31.0,1022.9,1020.7,5.0,2.0,No
8.0,20.5,50.0,31.0,1023.0,1018.2,5.0,2.0,No
7.2,19.2,40.0,30.0,1018.1,1018.4,1.0,1.0,No
2.3,16.2,48.0,27.0,1025.2,1021.4,0.0,1.0,No
1.7,17.6,55.0,26.0,1020.7,1016.5,7.0,7.0,No
6.2,21.4,48.0,16.0,1016.1,1012.2,7.0,7.0,No
8.4,19.1,55.0,29.0,1012.7,1011.1,1.0,1.0,No
7.5,19.3,43.0,32.0,1014.6,1012.2,1.0,1.0,No
4.1,19.0,53.0,38.0,1017.8,1016.1,0.0,7.0,No
6.5,20.3,46.0,32.0,1021.9,1018.8,0.0,1.0,No
7.4,22.8,43.0,23.0,1020.8,1016.5,0.0,0.0,No
13.4,28.0,25.0,22.0,1013.4,1008.8,7.0,6.0,No
7.8,18.2,47.0,28.0,1021.2,1021.8,0.0,1.0,No
5.2,18.8,36.0,24.0,1029.4,1025.8,0.0,0.0,No
4.9,21.3,51.0,21.0,1026.9,1021.5,2.0,3.0,No
10.0,22.8,37.0,28.0,1019.8,1015.3,6.0,1.0,No
10.5,27.6,37.0,16.0,1009.3,1004.8,6.0,8.0,No
11.9,19.9,68.0,56.0,1012.1,1010.6,7.0,8.0,No
14.1,28.9,69.0,29.0,1011.2,1007.0,7.0,5.0,No
15.4,23.2,74.0,44.0,1010.5,1006.5,7.0,6.0,No
10.4,17.5,42.0,32.0,1015.5,1013.0,4.0,4.0,No
6.2,18.8,51.0,30.0,1021.4,1018.4,0.0,0.0,No
5.2,23.3,34.0,15.0,1019.9,1015.4,0.0,4.0,No
6.5,23.7,32.0,19.0,1017.8,1013.4,3.0,7.0,No
15.4,26.7,40.0,20.0,1004.8,1005.0,7.0,7.0,No
9.3,16.3,47.0,26.0,1020.0,1017.8,1.0,3.0,No
3.5,18.2,44.0,31.0,1023.5,1020.0,1.0,1.0,No
6.6,21.1,47.0,28.0,1023.7,1020.2,0.0,2.0,No
7.4,22.9,40.0,21.0,1022.5,1017.5,0.0,0.0,No
6.1,19.0,57.0,31.0,1019.7,1017.2,0.0,0.0,Yes
6.7,21.7,45.0,26.0,1017.3,1011.4,0.0,2.0,No
13.3,21.0,40.0,26.0,1006.6,1006.5,3.0,4.0,No
7.9,18.5,71.0,36.0,1013.9,1012.7,3.0,3.0,No
4.9,18.6,56.0,29.0,1017.2,1014.2,1.0,1.0,No
6.5,26.0,30.0,15.0,1022.6,1018.8,0.0,0.0,No
12.0,30.1,18.0,6.0,1022.1,1018.6,0.0,0.0,No
14.5,32.7,17.0,7.0,1018.8,1015.8,0.0,0.0,No
13.8,24.6,34.0,21.0,1021.6,1018.1,0.0,0.0,No
8.1,24.2,17.0,14.0,1020.9,1016.9,5.0,3.0,No
7.1,28.2,20.0,6.0,1019.6,1015.5,0.0,0.0,No
15.7,31.3,21.0,25.0,1013.4,1013.9,5.0,8.0,No
10.9,22.9,77.0,35.0,1022.6,1018.9,3.0,1.0,Yes
9.6,26.6,46.0,27.0,1019.4,1014.8,1.0,3.0,No
14.4,29.2,35.0,34.0,1015.4,1012.4,6.0,7.0,No
14.8,21.5,51.0,94.0,1013.8,1007.9,7.0,8.0,No
15.1,29.6,65.0,43.0,1003.9,998.3,7.0,7.0,No
9.6,18.7,78.0,45.0,1008.3,1011.2,7.0,6.0,No
7.1,21.7,52.0,26.0,1019.4,1015.2,0.0,1.0,No
8.8,27.5,29.0,12.0,1013.6,1005.8,0.0,2.0,No
8.7,17.7,38.0,24.0,1013.4,1011.4,1.0,5.0,No
6.9,16.8,45.0,23.0,1018.5,1014.8,2.0,1.0,No
7.7,19.3,41.0,22.0,1016.9,1012.8,1.0,0.0,No
5.9,22.1,36.0,16.0,1017.2,1013.0,1.0,3.0,No
7.4,27.6,15.0,6.0,1018.0,1013.1,1.0,0.0,No
14.7,34.9,9.0,1.0,1013.3,1007.9,0.0,0.0,No
16.6,33.4,24.0,10.0,1006.8,1002.1,7.0,2.0,No
11.6,17.7,59.0,32.0,1014.2,1013.3,7.0,6.0,No
8.2,20.8,55.0,36.0,1017.8,1016.1,6.0,5.0,No
11.2,24.1,54.0,28.0,1020.3,1018.6,1.0,3.0,No
8.0,22.4,44.0,23.0,1021.6,1018.2,1.0,4.0,No
5.4,18.1,51.0,26.0,1020.6,1019.3,0.0,2.0,No
4.0,19.6,42.0,17.0,1023.3,1020.9,0.0,0.0,No
6.1,22.0,34.0,16.0,1024.2,1021.6,0.0,1.0,No
9.7,24.4,45.0,16.0,1024.4,1020.5,1.0,7.0,No
10.3,27.7,39.0,13.0,1019.2,1014.1,1.0,1.0,No
16.3,29.1,50.0,73.0,1008.0,1007.1,7.0,7.0,No
9.1,23.8,33.0,19.0,1007.6,1003.3,0.0,4.0,No
12.4,21.5,47.0,28.0,1008.7,1008.8,2.0,4.0,No
9.5,21.6,38.0,29.0,1013.6,1011.7,7.0,7.0,No
6.7,19.5,46.0,22.0,1019.9,1018.6,1.0,2.0,No
7.8,22.1,46.0,30.0,1023.4,1021.4,0.0,5.0,No
8.5,24.8,40.0,20.0,1026.4,1023.8,0.0,0.0,No
9.9,28.6,27.0,13.0,1026.3,1022.6,0.0,0.0,No
13.9,32.6,15.0,11.0,1022.6,1018.8,0.0,0.0,No
15.4,36.0,12.0,7.0,1020.1,1017.4,1.0,6.0,No
17.1,36.7,13.0,5.0,1018.5,1016.7,3.0,5.0,No
17.5,35.1,19.0,13.0,1019.0,1016.7,3.0,3.0,No
17.3,31.3,21.0,18.0,1020.0,1017.7,7.0,7.0,No
18.1,27.2,54.0,29.0,1016.9,1011.6,8.0,8.0,No
9.8,16.1,95.0,94.0,1015.9,1014.0,8.0,8.0,Yes
11.7,23.7,75.0,55.0,1020.4,1018.4,7.0,7.0,Yes
15.3,26.1,73.0,57.0,1021.9,1019.4,7.0,6.0,No
16.4,31.2,64.0,30.0,1020.4,1017.7,5.0,5.0,No
17.9,30.7,61.0,32.0,1021.4,1019.0,1.0,7.0,No
19.6,33.4,46.0,24.0,1021.7,1018.6,2.0,3.0,No
21.2,35.0,39.0,24.0,1021.5,1018.3,1.0,3.0,No
21.9,37.5,29.0,17.0,1019.6,1015.7,2.0,3.0,No
21.3,38.3,18.0,10.0,1013.8,1010.3,6.0,7.0,No
16.7,28.3,48.0,20.0,1017.8,1015.8,7.0,3.0,No
14.3,27.3,27.0,16.0,1019.1,1016.3,1.0,1.0,No
14.9,31.3,55.0,20.0,1020.0,1017.5,0.0,2.0,No
16.6,29.2,53.0,33.0,1024.1,1021.6,1.0,4.0,No
18.0,31.8,55.0,27.0,1024.9,1021.7,1.0,4.0,No
20.0,32.7,44.0,23.0,1023.0,1018.9,1.0,2.0,No
18.9,34.1,46.0,20.0,1020.5,1017.1,0.0,2.0,No
19.8,36.5,22.0,15.0,1020.9,1017.9,0.0,1.0,No
21.7,40.4,20.0,10.0,1018.8,1014.4,1.0,2.0,No
21.9,37.4,21.0,7.0,1014.7,1011.0,1.0,1.0,No
20.2,36.4,43.0,16.0,1013.6,1009.7,1.0,1.0,No
22.5,39.8,16.0,8.0,1010.7,1007.9,1.0,1.0,No
25.3,41.7,12.0,8.0,1008.0,1003.8,1.0,7.0,No
23.6,38.2,16.0,9.0,1006.8,1004.6,1.0,1.0,No
21.0,41.8,24.0,8.0,1008.4,1005.2,1.0,1.0,No
27.4,43.9,16.0,6.0,1009.6,1006.0,7.0,5.0,No
28.8,45.4,13.0,6.0,1008.2,1004.4,1.0,6.0,No
27.3,39.7,32.0,19.0,1009.6,1004.6,2.0,1.0,No
26.1,33.1,42.0,51.0,1006.1,1008.2,8.0,7.0,No
17.6,19.6,64.0,79.0,1018.3,1018.5,8.0,8.0,No
13.8,33.8,70.0,36.0,1018.2,1015.2,7.0,7.0,Yes
19.4,36.7,44.0,22.0,1017.4,1013.0,1.0,6.0,No
21.4,28.1,73.0,65.0,1011.5,1011.3,7.0,7.0,No
15.4,33.0,41.0,24.0,1012.5,1009.4,0.0,1.0,Yes
19.8,32.2,35.0,12.0,1009.3,1005.2,0.0,1.0,No
18.5,26.2,42.0,25.0,1006.2,1005.4,3.0,1.0,No
15.4,27.3,43.0,25.0,1010.3,1008.1,1.0,7.0,No
14.0,28.0,50.0,19.0,1013.6,1012.5,1.0,2.0,No
15.3,29.8,37.0,11.0,1019.1,1016.6,0.0,1.0,No
17.1,34.0,28.0,9.0,1019.0,1015.4,0.0,1.0,No
17.5,35.8,33.0,7.0,1015.8,1013.1,0.0,1.0,No
15.5,32.7,6.0,4.0,1015.5,1013.1,1.0,1.0,No
17.5,33.5,24.0,13.0,1014.8,1012.0,1.0,1.0,No
19.8,37.5,16.0,7.0,1012.6,1009.1,1.0,2.0,No
22.8,39.9,10.0,5.0,1006.6,1002.6,1.0,7.0,No
13.3,31.3,49.0,15.0,1011.6,1008.7,1.0,1.0,No
18.9,35.0,14.0,13.0,1008.6,1007.1,6.0,8.0,No
15.5,25.0,60.0,17.0,1015.4,1017.1,7.0,6.0,No
13.4,31.9,22.0,9.0,1019.1,1015.5,2.0,1.0,No
18.4,33.9,30.0,14.0,1017.3,1014.4,1.0,1.0,No
18.9,35.9,23.0,11.0,1016.5,1014.0,1.0,1.0,No
19.8,38.8,42.0,9.0,1017.1,1013.9,0.0,1.0,No
22.8,41.9,24.0,6.0,1014.9,1011.7,1.0,3.0,No
26.5,41.8,20.0,14.0,1013.0,1009.3,1.0,5.0,No
18.7,24.8,96.0,71.0,1015.6,1016.0,8.0,7.0,Yes
14.3,30.9,25.0,15.0,1017.8,1014.9,1.0,0.0,No
17.6,34.2,24.0,13.0,1016.5,1013.0,1.0,3.0,No
19.2,37.6,22.0,12.0,1012.9,1008.9,3.0,3.0,No
22.6,38.4,39.0,13.0,1009.9,1007.4,1.0,4.0,No
21.9,39.7,44.0,20.0,1011.7,1008.8,1.0,3.0,No
27.3,39.6,36.0,25.0,1008.5,1004.5,7.0,7.0,No
19.4,24.7,97.0,84.0,1007.7,1006.9,8.0,8.0,Yes
20.3,25.4,69.0,73.0,1010.7,1009.7,7.0,7.0,Yes
18.6,29.7,93.0,71.0,1011.9,1009.4,8.0,7.0,Yes
21.9,32.2,89.0,54.0,1012.8,1011.2,8.0,5.0,No
21.9,33.6,69.0,39.0,1016.7,1014.7,1.0,3.0,No
22.3,32.3,52.0,42.0,1017.7,1014.6,5.0,7.0,No
21.5,27.2,71.0,50.0,1014.7,1012.6,7.0,7.0,No
19.3,26.4,96.0,86.0,1011.1,1008.9,8.0,8.0,Yes
21.0,33.4,81.0,46.0,1008.2,1007.1,6.0,6.0,Yes
18.1,29.8,40.0,16.0,1015.0,1013.0,1.0,1.0,No
16.6,35.0,58.0,13.0,1015.0,1012.0,0.0,2.0,No
22.9,34.7,58.0,84.0,1014.3,1013.8,2.0,7.0,No
19.5,33.7,68.0,32.0,1015.3,1012.3,5.0,7.0,Yes
22.7,35.7,26.0,15.0,1013.7,1010.8,6.0,5.0,No
21.9,36.4,51.0,27.0,1016.0,1013.3,1.0,3.0,No
23.3,37.2,46.0,26.0,1017.3,1015.2,0.0,3.0,No
23.8,39.7,41.0,18.0,1016.8,1013.5,1.0,2.0,No
24.8,41.6,33.0,14.0,1013.9,1010.3,1.0,1.0,No
24.5,42.4,21.0,9.0,1011.2,1007.5,1.0,1.0,No
25.7,37.1,38.0,27.0,1009.7,1009.4,1.0,4.0,No
20.5,34.8,36.0,22.0,1014.2,1011.7,4.0,1.0,No
20.6,39.4,48.0,25.0,1013.4,1009.4,1.0,6.0,No
24.8,38.2,51.0,20.0,1010.2,1005.8,2.0,3.0,No
21.2,29.0,42.0,13.0,1008.5,1007.1,1.0,1.0,No
15.6,24.6,32.0,14.0,1010.5,1009.3,0.0,1.0,No
11.3,28.8,29.0,12.0,1012.9,1011.2,0.0,0.0,No
13.8,34.8,18.0,6.0,1013.7,1010.6,0.0,0.0,No
20.2,40.3,12.0,6.0,1011.7,1008.7,1.0,1.0,No
23.2,41.3,14.0,2.0,1010.4,1007.4,0.0,0.0,No
26.2,40.3,24.0,12.0,1009.2,1007.3,0.0,1.0,No
21.5,38.8,22.0,13.0,1010.8,1008.5,1.0,1.0,No
22.1,41.2,9.0,8.0,1010.0,1007.3,1.0,6.0,No
24.2,41.3,11.0,6.0,1009.8,1006.7,1.0,1.0,No
27.0,41.8,26.0,13.0,1009.0,1006.3,2.0,3.0,No
22.9,36.2,28.0,22.0,1007.5,1006.4,7.0,7.0,No
24.0,38.0,33.0,18.0,1007.7,1006.9,4.0,3.0,No
24.0,37.4,43.0,19.0,1011.9,1009.2,1.0,2.0,No
24.0,34.1,45.0,29.0,1010.4,1007.5,5.0,7.0,No
23.8,32.1,64.0,32.0,1010.4,1008.0,7.0,7.0,No
23.1,33.3,48.0,20.0,1010.3,1007.1,7.0,5.0,No
22.7,29.9,59.0,87.0,1008.0,1005.9,7.0,8.0,No
19.2,29.6,99.0,53.0,1006.9,1003.8,8.0,7.0,Yes
19.7,26.8,93.0,76.0,1006.3,1007.1,8.0,7.0,Yes
19.8,25.3,83.0,91.0,1012.1,1011.4,7.0,7.0,No
19.7,30.8,74.0,55.0,1016.3,1014.2,4.0,7.0,Yes
22.7,30.4,80.0,76.0,1018.1,1016.2,7.0,7.0,No
20.8,32.1,77.0,48.0,1018.8,1017.3,1.0,3.0,Yes
20.8,33.9,64.0,37.0,1018.3,1015.9,1.0,4.0,No
23.4,35.7,52.0,34.0,1015.4,1012.1,1.0,5.0,No
23.7,33.8,55.0,80.0,1009.8,1008.4,5.0,7.0,No
20.1,23.6,97.0,92.0,1010.0,1007.7,8.0,8.0,Yes
21.1,26.5,96.0,76.0,1002.8,1004.7,8.0,7.0,Yes
18.0,29.3,64.0,37.0,1009.6,1008.8,2.0,1.0,No
18.0,30.3,66.0,35.0,1012.2,1011.2,1.0,2.0,No
19.9,31.7,69.0,33.0,1013.5,1012.9,0.0,1.0,No
19.3,30.7,65.0,38.0,1016.7,1016.2,0.0,1.0,No
17.5,30.7,54.0,39.0,1019.4,1017.1,1.0,3.0,No
20.6,32.5,61.0,32.0,1018.0,1014.8,2.0,3.0,No
20.9,34.0,51.0,25.0,1016.9,1014.2,1.0,2.0,No
22.0,35.3,55.0,30.0,1015.8,1012.4,5.0,6.0,No
22.4,30.9,41.0,30.0,1016.4,1015.3,1.0,1.0,No
14.3,31.4,50.0,20.0,1017.1,1015.9,2.0,2.0,No
19.3,33.8,64.0,34.0,1018.8,1017.4,1.0,4.0,No
20.6,32.3,55.0,35.0,1021.5,1018.6,1.0,3.0,No
18.7,32.5,52.0,27.0,1018.7,1016.1,6.0,7.0,No
21.6,31.6,48.0,30.0,1015.8,1013.2,8.0,8.0,No
19.4,27.4,51.0,48.0,1013.4,1010.6,8.0,8.0,No
17.9,26.8,58.0,30.0,1012.3,1010.6,7.0,6.0,No
15.8,30.4,59.0,30.0,1013.7,1010.5,1.0,5.0,No
18.4,22.5,86.0,88.0,1009.8,1007.2,8.0,8.0,Yes
18.0,27.9,86.0,66.0,1005.6,1004.4,7.0,7.0,Yes
20.7,30.5,93.0,52.0,1010.2,1008.5,7.0,3.0,Yes
19.1,29.4,92.0,70.0,1009.1,1005.7,7.0,7.0,No
15.1,26.7,55.0,27.0,1011.5,1011.6,1.0,1.0,No
14.0,26.6,62.0,41.0,1017.7,1016.8,0.0,5.0,No
12.8,23.2,64.0,31.0,1023.4,1022.4,0.0,1.0,No
11.0,27.7,61.0,41.0,1025.9,1024.6,1.0,5.0,No
16.1,28.0,59.0,33.0,1030.5,1028.0,6.0,3.0,No
16.3,28.0,60.0,37.0,1030.3,1027.2,1.0,6.0,No
15.8,28.5,68.0,39.0,1026.9,1022.9,6.0,5.0,No
17.3,29.6,63.0,35.0,1023.4,1020.3,6.0,5.0,No
16.5,30.9,48.0,25.0,1021.8,1019.1,1.0,5.0,No
17.7,30.9,50.0,21.0,1023.4,1021.5,1.0,1.0,No
16.8,33.2,32.0,18.0,1024.0,1021.0,0.0,1.0,No
18.8,32.6,49.0,26.0,1021.4,1019.2,1.0,2.0,No
18.8,34.0,43.0,20.0,1021.2,1018.5,0.0,1.0,No
18.9,34.2,40.0,20.0,1019.7,1017.1,6.0,4.0,No
18.5,30.3,43.0,18.0,1019.8,1017.5,1.0,1.0,No
12.8,30.3,44.0,13.0,1020.7,1018.9,0.0,0.0,No
13.1,32.0,37.0,15.0,1021.5,1018.1,0.0,1.0,No
16.4,34.2,42.0,13.0,1019.7,1016.8,0.0,1.0,No
16.3,34.8,39.0,14.0,1019.3,1016.3,1.0,2.0,No
17.7,34.4,38.0,20.0,1018.5,1015.7,6.0,7.0,No
20.2,33.9,41.0,25.0,1016.4,1012.8,2.0,7.0,No
23.3,32.4,51.0,33.0,1015.9,1014.2,7.0,8.0,No
18.8,25.8,94.0,74.0,1018.3,1016.7,7.0,7.0,Yes
16.7,27.7,86.0,43.0,1018.7,1015.8,2.0,6.0,Yes
16.1,28.6,66.0,31.0,1019.1,1017.1,1.0,5.0,No
12.2,29.0,51.0,21.0,1019.0,1016.0,1.0,1.0,No
14.1,29.6,53.0,26.0,1018.6,1015.5,1.0,7.0,No
16.7,28.6,50.0,24.0,1018.9,1015.1,5.0,6.0,No
15.0,28.5,51.0,24.0,1017.7,1013.5,1.0,3.0,No
17.1,20.9,98.0,95.0,1015.1,1013.8,7.0,8.0,Yes
17.7,28.1,89.0,66.0,1013.8,1012.1,7.0,7.0,Yes
17.5,25.5,78.0,48.0,1018.5,1016.4,7.0,7.0,Yes
14.6,23.5,67.0,56.0,1015.3,1011.6,7.0,8.0,No
17.1,26.2,74.0,56.0,1012.2,1009.7,2.0,5.0,No
15.3,24.1,73.0,44.0,1014.3,1012.3,7.0,7.0,No
10.3,19.4,62.0,33.0,1020.0,1018.2,5.0,5.0,No
6.9,21.1,60.0,33.0,1023.3,1020.5,0.0,0.0,No
7.9,22.9,60.0,26.0,1022.9,1019.9,6.0,4.0,No
9.2,24.6,57.0,27.0,1021.8,1019.0,0.0,0.0,No
11.8,27.6,40.0,29.0,1023.5,1020.4,1.0,3.0,No
14.7,27.4,51.0,31.0,1025.1,1021.9,2.0,3.0,No
15.6,27.8,58.0,27.0,1023.9,1020.5,6.0,3.0,No
16.3,28.7,57.0,40.0,1023.0,1019.9,3.0,6.0,No
14.8,27.9,58.0,36.0,1022.5,1018.4,3.0,6.0,No
15.3,28.6,61.0,32.0,1021.3,1018.2,4.0,6.0,No
16.2,30.2,51.0,30.0,1022.3,1018.8,5.0,5.0,No
17.1,29.9,53.0,32.0,1021.3,1016.7,1.0,3.0,No
18.0,30.3,49.0,30.0,1016.3,1011.8,7.0,7.0,No
14.1,20.1,92.0,44.0,1018.4,1019.1,6.0,3.0,Yes
7.6,20.8,57.0,30.0,1025.6,1021.5,0.0,1.0,No
9.6,20.5,70.0,34.0,1021.2,1018.7,8.0,5.0,No
9.9,23.2,46.0,32.0,1023.4,1020.7,0.0,1.0,No
8.8,22.0,55.0,35.0,1024.5,1021.9,0.0,1.0,No
9.0,21.1,60.0,42.0,1026.5,1023.1,0.0,1.0,No
8.4,24.5,68.0,28.0,1026.3,1022.9,0.0,1.0,No
10.9,25.6,48.0,24.0,1025.8,1023.0,1.0,1.0,No
11.6,27.9,42.0,25.0,1024.5,1020.1,6.0,4.0,No
14.8,28.7,48.0,24.0,1019.9,1014.8,2.0,4.0,No
9.8,17.8,57.0,32.0,1019.0,1018.5,1.0,0.0,Yes
8.1,20.1,56.0,36.0,1024.7,1021.6,1.0,2.0,No
6.6,22.4,57.0,34.0,1024.0,1020.4,0.0,1.0,No
8.8,23.9,60.0,31.0,1022.2,1018.0,1.0,1.0,No
8.6,25.5,36.0,21.0,1019.4,1014.8,0.0,1.0,No
12.1,20.9,27.0,38.0,1015.6,1015.6,1.0,0.0,No
3.0,17.7,57.0,30.0,1024.9,1020.8,0.0,0.0,No
4.1,19.8,59.0,36.0,1021.4,1017.1,0.0,1.0,No
6.2,20.9,50.0,25.0,1019.5,1016.7,1.0,1.0,No
8.0,19.7,52.0,31.0,1019.0,1016.5,6.0,8.0,No
12.5,21.6,58.0,30.0,1018.0,1015.5,7.0,7.0,No
6.5,21.0,74.0,35.0,1019.3,1017.6,0.0,5.0,No
7.2,21.0,46.0,26.0,1022.7,1020.3,1.0,1.0,No
10.0,19.7,49.0,33.0,1021.5,1018.8,7.0,7.0,No
7.9,20.1,57.0,27.0,1020.9,1018.0,6.0,1.0,No
6.3,18.9,48.0,28.0,1021.6,1018.7,0.0,1.0,No
6.7,20.6,55.0,29.0,1020.8,1016.3,1.0,4.0,No
12.4,16.7,58.0,96.0,1014.6,1010.9,7.0,8.0,No
12.2,20.4,99.0,84.0,1008.1,1002.4,8.0,8.0,Yes
10.7,18.0,93.0,74.0,1009.0,1009.3,8.0,7.0,Yes
10.3,20.7,89.0,55.0,1017.7,1015.6,1.0,5.0,No
12.1,18.6,84.0,57.0,1017.5,1012.2,7.0,7.0,No
11.7,15.3,85.0,69.0,1007.7,1006.5,8.0,7.0,Yes
11.0,15.1,92.0,81.0,1013.0,1013.5,8.0,8.0,Yes
8.3,18.7,91.0,66.0,1019.1,1016.9,6.0,7.0,No
11.7,16.1,79.0,75.0,1019.2,1018.3,7.0,7.0,Yes
8.9,19.1,85.0,52.0,1022.4,1020.2,7.0,6.0,No
7.3,19.2,90.0,58.0,1020.5,1017.7,3.0,3.0,No
6.9,16.5,82.0,50.0,1019.9,1017.3,1.0,1.0,No
7.2,13.8,77.0,50.0,1021.5,1021.7,6.0,2.0,No
2.9,13.6,91.0,60.0,1026.0,1023.3,4.0,7.0,No
2.0,15.8,88.0,47.0,1024.0,1020.0,1.0,1.0,No
2.0,13.7,70.0,52.0,1017.9,1016.9,7.0,4.0,No
5.2,13.1,82.0,47.0,1024.9,1023.7,1.0,1.0,No
1.4,13.0,80.0,66.0,1025.8,1023.3,7.0,8.0,No
6.5,14.4,82.0,49.0,1025.7,1024.7,6.0,3.0,No
2.3,14.7,79.0,34.0,1029.9,1027.4,1.0,1.0,No
3.6,19.1,70.0,31.0,1031.9,1028.7,1.0,3.0,No
6.5,20.4,70.0,44.0,1029.8,1026.6,1.0,7.0,No
8.3,19.4,68.0,47.0,1026.4,1021.5,7.0,7.0,No
11.2,19.3,97.0,54.0,1018.6,1015.3,8.0,1.0,Yes
4.0,17.4,73.0,52.0,1024.7,1023.1,1.0,4.0,No
9.5,17.0,78.0,65.0,1028.2,1027.0,7.0,7.0,No
10.0,18.0,87.0,49.0,1033.0,1031.3,2.0,7.0,No
6.1,18.3,92.0,52.0,1032.8,1030.8,8.0,6.0,No
9.5,18.7,70.0,50.0,1032.6,1029.2,3.0,5.0,No
9.2,20.6,73.0,47.0,1028.0,1023.5,1.0,3.0,No
10.0,22.0,73.0,52.0,1022.3,1019.0,1.0,6.0,No
9.9,13.6,87.0,51.0,1023.2,1022.1,8.0,2.0,Yes
1.2,12.1,87.0,53.0,1024.6,1022.2,1.0,7.0,No
1.0,11.6,89.0,47.0,1022.9,1020.5,1.0,2.0,No
0.0,12.7,67.0,39.0,1022.6,1019.7,0.0,0.0,No
1.6,16.2,60.0,34.0,1022.7,1020.3,1.0,2.0,No
3.9,16.9,57.0,35.0,1024.9,1023.7,1.0,7.0,No
7.4,9.4,96.0,95.0,1027.1,1024.9,8.0,8.0,No
2.0,11.9,98.0,62.0,1031.6,1030.7,7.0,6.0,Yes
1.0,13.8,93.0,47.0,1030.6,1026.8,7.0,6.0,No
2.8,15.3,83.0,46.0,1024.0,1019.4,6.0,7.0,No
4.4,11.3,89.0,58.0,1022.7,1021.6,7.0,7.0,No
2.9,13.4,84.0,51.0,1026.0,1023.5,7.0,7.0,No
3.9,17.0,79.0,45.0,1026.1,1023.0,2.0,3.0,No
5.5,17.8,80.0,42.0,1027.0,1023.8,1.0,1.0,No
8.5,20.0,70.0,52.0,1022.9,1020.5,3.0,7.0,No
12.0,18.4,75.0,59.0,1022.4,1020.3,7.0,7.0,No
7.4,19.8,76.0,41.0,1022.5,1019.2,6.0,7.0,No
11.7,17.4,96.0,98.0,1015.9,1012.1,8.0,8.0,No
7.4,14.9,70.0,48.0,1017.3,1016.8,1.0,2.0,Yes
7.9,14.6,84.0,55.0,1023.8,1023.6,3.0,6.0,No
2.9,13.8,74.0,55.0,1028.1,1025.8,5.0,2.0,No
2.2,16.4,80.0,42.0,1027.9,1024.6,0.0,0.0,No
4.2,17.5,67.0,39.0,1022.8,1018.8,0.0,1.0,No
6.3,15.7,71.0,59.0,1019.0,1018.1,7.0,7.0,No
2.1,12.8,98.0,49.0,1026.0,1024.0,3.0,1.0,No
2.4,13.2,72.0,49.0,1028.1,1026.5,5.0,6.0,No
1.3,14.5,92.0,32.0,1031.8,1029.7,1.0,1.0,No
0.9,15.9,71.0,34.0,1033.0,1030.0,0.0,1.0,No
5.2,16.7,74.0,51.0,1030.0,1026.5,7.0,7.0,No
4.7,16.4,80.0,37.0,1030.1,1027.9,1.0,1.0,No
1.1,17.5,85.0,41.0,1032.8,1030.6,0.0,1.0,No
5.3,17.2,78.0,59.0,1030.9,1027.2,7.0,8.0,No
9.5,16.6,98.0,84.0,1023.4,1019.6,7.0,6.0,Yes
11.1,21.3,97.0,61.0,1017.1,1014.2,8.0,3.0,No
12.2,14.8,96.0,99.0,1017.1,1015.5,8.0,8.0,No
11.5,16.7,82.0,51.0,1019.4,1020.2,7.0,5.0,Yes
5.4,17.0,71.0,55.0,1024.1,1021.7,1.0,7.0,No
3.8,12.0,73.0,61.0,1026.5,1023.7,1.0,6.0,No
4.7,11.2,93.0,72.0,1024.5,1022.5,8.0,7.0,No
1.1,14.1,97.0,52.0,1022.4,1017.8,7.0,1.0,No
3.3,13.9,71.0,56.0,1019.7,1019.6,6.0,6.0,No
1.4,13.1,82.0,43.0,1026.2,1023.7,1.0,2.0,No
1.5,13.8,70.0,42.0,1026.2,1022.5,1.0,6.0,No
3.1,15.6,65.0,32.0,1021.5,1017.6,0.0,0.0,No
4.5,19.8,53.0,37.0,1017.9,1011.9,0.0,6.0,No
10.8,16.8,86.0,44.0,1012.2,1010.0,7.0,2.0,Yes
6.1,10.7,88.0,88.0,1012.3,1009.4,7.0,7.0,Yes
7.6,11.3,77.0,60.0,1015.2,1015.4,8.0,7.0,Yes
5.7,14.8,90.0,54.0,1018.7,1015.4,7.0,1.0,No
9.0,15.7,66.0,59.0,1011.7,1012.6,6.0,7.0,No
5.3,15.8,63.0,44.0,1019.7,1018.3,7.0,5.0,No
3.4,15.2,66.0,39.0,1023.4,1019.3,5.0,1.0,No
6.9,17.6,45.0,57.0,1014.3,1008.3,7.0,8.0,No
10.7,19.6,76.0,45.0,1013.8,1012.0,7.0,6.0,Yes
4.6,14.6,66.0,36.0,1020.0,1017.8,1.0,3.0,No
2.5,15.9,46.0,33.0,1022.4,1020.7,1.0,3.0,No
3.3,13.5,54.0,45.0,1024.0,1020.2,3.0,8.0,No
7.3,11.4,97.0,82.0,1015.9,1013.3,8.0,8.0,Yes
5.5,15.1,94.0,52.0,1018.1,1014.4,7.0,8.0,No
5.4,14.7,82.0,39.0,1015.1,1011.1,7.0,6.0,No
6.3,14.5,70.0,54.0,1010.4,1007.2,7.0,7.0,No
4.6,14.0,77.0,71.0,1016.4,1016.5,1.0,7.0,Yes
5.4,14.9,77.0,48.0,1025.2,1024.2,6.0,8.0,No
4.1,15.6,65.0,46.0,1029.0,1026.2,1.0,1.0,No
4.2,17.2,61.0,37.0,1028.1,1024.3,0.0,0.0,No
5.1,21.2,57.0,33.0,1024.4,1019.8,0.0,1.0,No
10.9,26.7,51.0,40.0,1018.5,1013.4,6.0,7.0,No
14.2,28.3,60.0,21.0,1014.8,1013.7,1.0,1.0,Yes
13.3,20.8,87.0,71.0,1018.0,1014.5,8.0,8.0,Yes
14.8,18.0,99.0,71.0,1008.7,1006.3,8.0,7.0,Yes
7.1,16.3,66.0,49.0,1019.0,1017.3,6.0,7.0,Yes
5.2,17.8,60.0,39.0,1022.5,1020.5,1.0,6.0,No
5.0,16.2,68.0,37.0,1026.8,1023.4,1.0,1.0,No
11.5,19.6,89.0,74.0,1014.4,1009.3,8.0,7.0,No
12.9,17.7,74.0,36.0,1009.6,1010.8,2.0,1.0,Yes
7.1,19.4,61.0,45.0,1020.7,1019.2,0.0,3.0,No
8.9,19.9,63.0,44.0,1021.6,1017.7,7.0,7.0,No
11.6,21.3,62.0,64.0,1018.7,1015.7,7.0,8.0,No
12.0,22.1,81.0,42.0,1012.5,1009.5,1.0,5.0,No
9.0,14.7,76.0,59.0,1019.7,1018.4,5.0,7.0,Yes
6.1,15.3,69.0,58.0,1022.9,1019.8,7.0,8.0,No
5.5,14.9,66.0,42.0,1026.3,1023.2,7.0,2.0,No
2.1,16.7,62.0,45.0,1023.6,1019.0,3.0,7.0,No
6.4,17.0,74.0,49.0,1023.1,1020.8,8.0,7.0,No
5.1,18.6,58.0,42.0,1025.3,1022.2,1.0,1.0,No
6.1,21.5,69.0,43.0,1025.3,1022.4,0.0,1.0,No
8.6,24.2,66.0,32.0,1024.9,1021.0,1.0,1.0,No
8.7,21.3,66.0,32.0,1024.6,1021.6,0.0,0.0,No
5.7,23.2,60.0,23.0,1024.9,1020.3,0.0,1.0,No
8.7,23.8,55.0,19.0,1019.4,1016.7,6.0,7.0,No
10.7,27.2,34.0,20.0,1019.6,1015.6,1.0,3.0,No
10.4,26.3,42.0,19.0,1015.9,1012.6,7.0,3.0,No
9.0,22.5,58.0,30.0,1017.6,1014.3,1.0,2.0,No
6.1,17.0,52.0,25.0,1022.2,1020.6,1.0,1.0,No
2.7,18.8,31.0,19.0,1026.0,1022.5,1.0,6.0,No
5.2,17.8,36.0,25.0,1025.0,1021.7,7.0,8.0,No
10.7,15.2,88.0,97.0,1023.5,1023.4,7.0,8.0,No
10.8,21.5,83.0,58.0,1022.9,1021.2,7.0,7.0,Yes
10.3,25.2,83.0,46.0,1021.4,1018.1,1.0,2.0,No
12.9,28.4,74.0,32.0,1020.3,1017.6,1.0,1.0,No
14.1,29.0,66.0,31.0,1018.4,1014.6,1.0,6.0,No
11.1,19.5,61.0,26.0,1022.1,1020.9,8.0,7.0,No
7.5,22.4,48.0,28.0,1023.9,1021.2,3.0,2.0,No
7.9,25.8,60.0,33.0,1022.6,1020.1,1.0,5.0,No
13.6,26.4,63.0,31.0,1025.2,1023.3,1.0,5.0,No
13.1,24.6,55.0,44.0,1026.6,1024.0,5.0,7.0,No
16.3,26.1,60.0,49.0,1025.1,1021.5,7.0,7.0,No
18.1,20.7,77.0,95.0,1017.6,1015.3,7.0,8.0,No
14.5,26.8,89.0,52.0,1013.0,1008.6,7.0,7.0,Yes
18.3,19.0,98.0,88.0,991.7,993.8,8.0,8.0,Yes
5.9,14.2,63.0,39.0,1012.0,1013.6,6.0,7.0,Yes
4.8,18.6,66.0,43.0,1019.1,1017.5,1.0,6.0,No
6.5,21.2,64.0,39.0,1021.8,1020.2,1.0,3.0,No
8.1,22.3,46.0,31.0,1025.5,1023.4,0.0,0.0,No
9.8,25.9,63.0,27.0,1026.3,1021.9,0.0,1.0,No
13.5,28.2,60.0,33.0,1021.9,1018.2,6.0,7.0,No
15.1,28.7,57.0,33.0,1019.7,1017.1,1.0,5.0,Yes
15.5,28.9,59.0,39.0,1017.5,1015.0,3.0,7.0,No
14.1,23.9,84.0,37.0,1019.0,1017.4,7.0,4.0,Yes
10.9,24.6,72.0,36.0,1019.9,1016.9,1.0,7.0,No
13.0,26.8,44.0,17.0,1018.9,1016.5,1.0,1.0,No
12.0,27.4,42.0,26.0,1017.3,1015.1,1.0,1.0,No
11.6,27.6,44.0,23.0,1017.1,1014.0,0.0,1.0,No
15.0,32.2,68.0,27.0,1014.3,1010.3,5.0,7.0,No
18.2,25.3,87.0,68.0,1011.4,1010.0,8.0,8.0,Yes
10.5,21.6,78.0,46.0,1014.6,1014.1,6.0,6.0,Yes
9.2,17.7,80.0,45.0,1017.2,1015.4,7.0,7.0,No
6.3,22.0,50.0,32.0,1018.9,1017.2,0.0,1.0,No
9.2,23.0,53.0,34.0,1020.4,1017.7,1.0,5.0,No
9.4,23.2,45.0,28.0,1019.9,1016.2,1.0,3.0,No
8.1,25.8,58.0,27.0,1017.1,1013.4,1.0,3.0,No
11.8,27.1,54.0,26.0,1017.4,1014.2,1.0,2.0,No
14.1,31.9,55.0,21.0,1014.8,1011.3,1.0,4.0,No
17.7,33.0,50.0,24.0,1014.3,1013.8,1.0,7.0,No
16.3,30.2,66.0,37.0,1022.7,1020.0,7.0,6.0,Yes
17.1,32.3,60.0,36.0,1020.6,1015.5,5.0,7.0,No
17.5,33.7,57.0,23.0,1014.5,1010.5,1.0,7.0,No
19.6,35.5,50.0,25.0,1012.0,1007.7,1.0,5.0,No
21.8,33.5,68.0,38.0,1012.6,1009.7,7.0,7.0,Yes
19.9,24.7,91.0,85.0,1014.5,1013.7,8.0,8.0,Yes
19.3,25.5,83.0,44.0,1014.2,1012.4,7.0,7.0,No
13.7,26.6,52.0,57.0,1013.5,1011.3,7.0,8.0,No
13.2,26.9,66.0,34.0,1015.1,1012.5,1.0,4.0,Yes
13.1,28.7,42.0,24.0,1015.1,1012.8,1.0,2.0,No
14.3,28.3,52.0,31.0,1018.8,1017.2,1.0,1.0,No
14.7,29.6,56.0,22.0,1022.8,1019.2,0.0,1.0,No
17.3,29.9,62.0,98.0,1020.5,1017.9,3.0,7.0,No
15.6,27.9,56.0,39.0,1020.9,1017.7,2.0,7.0,Yes
18.1,27.2,59.0,51.0,1021.2,1019.6,8.0,7.0,No
17.3,30.4,47.0,32.0,1021.2,1018.7,1.0,5.0,No
17.4,29.8,49.0,38.0,1019.4,1016.3,6.0,7.0,No
20.0,29.1,58.0,29.0,1016.9,1013.8,7.0,7.0,No
18.4,27.2,45.0,57.0,1011.0,1008.0,7.0,8.0,No
14.2,20.1,99.0,74.0,1009.7,1009.5,8.0,7.0,Yes
12.8,22.2,79.0,46.0,1012.0,1010.2,7.0,7.0,Yes
11.2,24.9,76.0,49.0,1010.2,1008.2,1.0,7.0,No
14.6,25.8,71.0,79.0,1010.7,1009.3,5.0,7.0,No
14.2,30.4,76.0,41.0,1012.2,1010.4,2.0,4.0,Yes
18.1,21.9,92.0,82.0,1010.3,1008.2,7.0,7.0,No
16.9,29.2,94.0,48.0,1010.2,1007.0,7.0,6.0,Yes
19.1,29.5,70.0,45.0,1009.1,1006.7,2.0,7.0,No
20.3,29.1,75.0,63.0,1009.0,1007.2,7.0,7.0,No
20.5,29.9,72.0,62.0,1009.6,1007.4,7.0,7.0,Yes
20.0,32.0,85.0,58.0,1009.8,1007.3,6.0,6.0,Yes
19.4,27.1,80.0,43.0,1011.5,1009.3,7.0,5.0,No
13.6,27.4,49.0,32.0,1009.9,1005.9,1.0,1.0,No
14.1,27.6,46.0,31.0,1007.3,1006.7,0.0,1.0,No
14.1,28.2,40.0,28.0,1013.5,1011.2,1.0,5.0,No
15.3,31.0,35.0,22.0,1012.6,1008.7,1.0,1.0,No
17.8,35.0,39.0,23.0,1008.5,1004.3,1.0,6.0,No
19.8,29.4,48.0,26.0,1005.5,1004.3,1.0,3.0,No
16.7,23.7,62.0,43.0,1007.7,1006.6,8.0,7.0,No
16.4,24.5,79.0,50.0,1006.8,1005.1,8.0,7.0,No
16.3,27.4,72.0,26.0,1003.1,997.4,7.0,6.0,No
9.5,22.9,50.0,23.0,1008.2,1008.0,5.0,1.0,No
11.0,26.3,45.0,26.0,1012.5,1010.8,0.0,1.0,No
13.3,30.5,33.0,18.0,1015.8,1013.5,1.0,1.0,No
16.6,33.8,27.0,15.0,1016.6,1015.2,1.0,1.0,No
18.6,33.8,46.0,23.0,1018.6,1015.4,1.0,4.0,No
21.6,34.9,56.0,33.0,1013.8,1008.9,1.0,7.0,No
17.9,32.2,93.0,52.0,1007.1,1000.7,7.0,1.0,Yes
15.5,26.1,66.0,27.0,1006.8,1006.7,3.0,1.0,Yes
12.0,29.5,41.0,26.0,1013.5,1011.7,0.0,1.0,No
18.3,34.5,63.0,40.0,1014.2,1011.9,1.0,5.0,No
20.4,36.2,46.0,18.0,1014.9,1013.0,1.0,2.0,No
22.4,39.8,41.0,17.0,1013.9,1010.7,0.0,1.0,No
23.2,38.7,35.0,21.0,1012.3,1009.1,0.0,2.0,No
24.1,38.1,37.0,27.0,1010.9,1008.2,4.0,7.0,No
21.7,36.3,46.0,26.0,1009.1,1006.5,3.0,2.0,No
17.5,34.2,46.0,8.0,1008.4,1005.9,1.0,6.0,No
17.8,31.3,20.0,10.0,1005.7,1004.7,2.0,4.0,No
17.6,33.5,34.0,12.0,1006.9,1005.1,1.0,1.0,No
19.7,32.5,50.0,28.0,1009.9,1007.1,5.0,7.0,No
22.3,33.4,57.0,36.0,1009.2,1006.4,3.0,7.0,No
21.9,35.4,54.0,32.0,1009.7,1006.4,1.0,6.0,No
21.9,32.1,60.0,41.0,1009.0,1006.4,6.0,8.0,Yes
21.1,32.4,91.0,49.0,1006.1,1001.9,8.0,5.0,Yes
22.0,35.0,73.0,44.0,1004.4,1002.7,6.0,7.0,Yes
25.7,33.1,67.0,50.0,1006.0,1003.2,7.0,7.0,No
26.0,32.7,55.0,46.0,1005.5,1003.7,8.0,8.0,No
21.6,33.9,52.0,23.0,1005.7,1004.1,1.0,1.0,No
14.9,31.0,49.0,24.0,1008.2,1005.8,0.0,0.0,No
18.0,33.0,39.0,14.0,1007.5,1005.8,3.0,1.0,No
17.4,37.1,46.0,17.0,1008.2,1006.0,0.0,1.0,No
23.3,36.0,53.0,25.0,1010.8,1008.6,2.0,5.0,No
19.6,36.8,54.0,21.0,1012.4,1010.1,1.0,3.0,Yes
20.6,37.3,54.0,27.0,1009.6,1006.3,2.0,3.0,Yes
24.0,40.3,34.0,17.0,1003.7,1001.3,6.0,7.0,No
21.6,40.6,27.0,14.0,1008.1,1006.2,1.0,1.0,No
25.7,44.3,21.0,14.0,1009.9,1008.9,1.0,5.0,No
26.1,42.0,35.0,32.0,1013.7,1015.6,1.0,0.0,No
22.1,39.1,32.0,17.0,1015.6,1011.6,0.0,1.0,No
24.3,39.8,43.0,28.0,1011.1,1007.7,0.0,7.0,No
22.8,29.8,88.0,94.0,1011.9,1010.5,7.0,8.0,Yes
24.0,36.5,69.0,44.0,1013.4,1011.7,2.0,6.0,Yes
22.0,28.2,63.0,62.0,1016.3,1017.3,7.0,7.0,No
16.2,25.3,49.0,48.0,1018.0,1016.4,7.0,7.0,No
17.2,34.0,55.0,30.0,1015.7,1012.9,1.0,1.0,No
20.8,34.7,51.0,39.0,1018.3,1016.3,1.0,5.0,No
22.5,35.6,48.0,40.0,1018.7,1015.6,3.0,6.0,No
22.0,37.2,39.0,24.0,1016.1,1012.5,1.0,2.0,No
24.5,37.8,61.0,28.0,1013.9,1010.7,6.0,7.0,No
18.7,28.1,68.0,44.0,1016.5,1015.5,7.0,7.0,Yes
19.4,33.1,64.0,40.0,1016.9,1015.3,2.0,7.0,No
19.7,28.4,61.0,46.0,1017.3,1015.5,7.0,6.0,No
19.3,30.5,87.0,62.0,1013.9,1011.7,7.0,6.0,Yes
19.5,33.6,86.0,45.0,1012.5,1010.1,2.0,6.0,Yes
21.7,35.5,63.0,35.0,1011.0,1007.8,2.0,7.0,No
24.5,37.1,59.0,40.0,1008.5,1007.5,7.0,7.0,No
23.1,31.8,77.0,44.0,1010.3,1009.6,5.0,7.0,Yes
16.1,26.6,63.0,24.0,1015.3,1014.5,1.0,1.0,No
13.0,31.5,59.0,39.0,1016.5,1014.7,1.0,5.0,No
16.3,30.5,52.0,23.0,1019.8,1017.0,1.0,4.0,No
17.0,33.2,44.0,22.0,1017.8,1013.7,1.0,0.0,No
18.4,35.7,26.0,14.0,1012.8,1009.8,2.0,3.0,No
19.7,36.3,30.0,18.0,1010.2,1007.9,7.0,2.0,No
23.8,38.9,25.0,17.0,1007.8,1005.9,1.0,3.0,No
24.6,40.4,28.0,14.0,1007.3,1004.9,1.0,2.0,No
23.2,32.5,49.0,39.0,1007.1,1009.1,2.0,7.0,No
18.2,28.9,45.0,21.0,1013.9,1011.3,6.0,7.0,No
17.2,26.1,32.0,23.0,1013.0,1011.3,7.0,8.0,No
15.9,30.9,44.0,13.0,1012.7,1010.9,7.0,7.0,No
14.4,32.7,42.0,13.0,1016.1,1014.3,1.0,1.0,No
17.7,28.6,47.0,34.0,1016.2,1013.3,7.0,7.0,No
18.9,27.1,71.0,49.0,1013.2,1012.2,8.0,8.0,Yes
19.5,29.2,84.0,64.0,1012.6,1011.3,7.0,7.0,No
20.2,33.2,64.0,37.0,1016.9,1015.2,1.0,7.0,Yes
20.2,33.1,65.0,36.0,1019.5,1017.3,1.0,3.0,Yes
20.7,35.0,57.0,28.0,1019.1,1016.2,1.0,4.0,No
21.5,36.2,67.0,26.0,1017.6,1014.0,4.0,6.0,No
21.0,33.0,75.0,38.0,1016.6,1014.7,7.0,7.0,No
21.6,28.4,49.0,30.0,1017.0,1015.9,8.0,7.0,No
17.1,27.6,51.0,23.0,1013.9,1010.9,7.0,8.0,No
16.7,24.5,81.0,58.0,1011.3,1008.1,8.0,8.0,No
16.1,31.5,77.0,37.0,1007.4,1004.4,3.0,3.0,Yes
20.7,30.4,90.0,59.0,1002.6,1000.8,8.0,6.0,No
15.5,25.0,90.0,67.0,1003.6,1003.7,7.0,5.0,Yes
14.2,25.1,88.0,39.0,1008.6,1006.8,2.0,4.0,Yes
12.1,24.1,75.0,43.0,1010.7,1009.8,5.0,6.0,No
14.5,22.7,66.0,38.0,1015.5,1014.7,7.0,3.0,No
9.3,25.8,70.0,34.0,1019.1,1016.8,0.0,1.0,No
13.0,28.5,59.0,27.0,1021.2,1018.7,1.0,4.0,No
14.9,30.4,59.0,31.0,1022.6,1019.8,1.0,5.0,No
17.7,30.5,53.0,27.0,1021.7,1018.4,3.0,4.0,No
18.0,31.6,50.0,42.0,1019.7,1016.7,2.0,7.0,No
15.1,28.2,64.0,28.0,1022.0,1019.7,1.0,1.0,No
11.4,25.5,57.0,29.0,1017.6,1014.5,7.0,7.0,No
15.2,23.6,53.0,45.0,1015.4,1013.2,7.0,7.0,No
8.6,22.5,65.0,43.0,1016.3,1014.6,1.0,7.0,No
6.8,20.7,72.0,34.0,1020.0,1018.4,0.0,1.0,Yes
5.9,19.9,71.0,34.0,1023.6,1020.9,0.0,1.0,No
5.3,21.1,63.0,28.0,1023.3,1020.0,7.0,7.0,No
6.9,21.8,43.0,24.0,1019.1,1015.6,6.0,7.0,No
6.9,20.8,60.0,23.0,1015.9,1012.8,6.0,7.0,No
4.6,18.6,60.0,33.0,1016.6,1014.1,1.0,2.0,No
2.3,18.0,65.0,27.0,1018.6,1016.4,0.0,1.0,No
2.5,17.2,58.0,30.0,1016.8,1014.8,7.0,4.0,No
9.0,15.5,83.0,54.0,1018.1,1016.4,8.0,7.0,No
10.0,16.9,88.0,51.0,1018.7,1016.3,7.0,7.0,No
7.1,15.5,67.0,32.0,1024.0,1023.1,1.0,4.0,No
1.1,16.1,62.0,33.0,1031.5,1029.4,0.0,0.0,No
2.3,18.2,63.0,28.0,1032.3,1028.9,1.0,0.0,No
3.0,18.6,64.0,29.0,1030.5,1027.2,1.0,1.0,No
4.0,20.5,57.0,20.0,1030.5,1027.3,7.0,7.0,No
7.5,23.5,23.0,20.0,1029.4,1026.2,1.0,0.0,No
9.7,24.6,41.0,27.0,1026.9,1022.7,4.0,5.0,No
12.2,25.2,64.0,33.0,1023.9,1019.8,1.0,7.0,No
15.3,22.6,53.0,65.0,1017.2,1011.0,5.0,7.0,No
10.0,17.8,88.0,57.0,1010.2,1008.2,7.0,5.0,Yes
8.7,12.3,95.0,94.0,1010.7,1010.2,8.0,6.0,Yes
6.1,10.8,93.0,79.0,1016.8,1016.2,7.0,7.0,Yes
2.8,14.1,89.0,53.0,1020.9,1019.4,2.0,2.0,No
2.7,15.0,91.0,52.0,1023.5,1020.9,7.0,5.0,No
3.3,15.0,82.0,51.0,1024.5,1022.1,7.0,6.0,No
4.4,12.6,93.0,73.0,1023.7,1021.5,8.0,7.0,No
5.9,17.0,85.0,60.0,1022.8,1019.7,6.0,7.0,No
7.7,19.6,68.0,49.0,1020.7,1017.6,1.0,1.0,No
7.9,20.9,76.0,40.0,1024.0,1021.9,1.0,3.0,No
8.4,21.0,68.0,43.0,1024.4,1020.9,0.0,1.0,No
8.7,21.2,75.0,40.0,1021.0,1017.6,5.0,2.0,No
8.9,19.3,57.0,55.0,1018.6,1017.2,7.0,7.0,No
8.1,16.6,99.0,69.0,1019.4,1016.9,8.0,7.0,No
2.8,16.5,89.0,53.0,1020.9,1019.1,1.0,5.0,No
5.2,16.5,62.0,42.0,1021.1,1018.6,6.0,7.0,No
2.7,11.4,88.0,36.0,1023.4,1021.5,2.0,2.0,No
-2.0,12.0,80.0,44.0,1023.0,1020.0,1.0,1.0,No
2.1,14.2,82.0,41.0,1022.5,1021.1,1.0,1.0,No
1.9,17.3,68.0,32.0,1024.5,1022.6,1.0,2.0,No
5.8,16.2,65.0,66.0,1024.5,1022.1,6.0,7.0,No
8.9,15.0,75.0,52.0,1022.6,1020.1,8.0,8.0,No
6.1,14.6,79.0,60.0,1021.4,1020.2,7.0,8.0,No
6.6,18.2,64.0,40.0,1022.8,1020.4,4.0,1.0,No
5.5,19.8,71.0,46.0,1021.8,1017.7,6.0,5.0,No
4.1,16.6,49.0,37.0,1016.8,1015.2,1.0,2.0,No
5.1,16.3,76.0,46.0,1020.5,1018.1,4.0,2.0,No
6.2,15.7,71.0,45.0,1020.1,1018.0,7.0,8.0,No
6.8,18.8,62.0,36.0,1019.2,1015.2,7.0,1.0,No
6.8,13.9,49.0,82.0,1008.6,1011.2,5.0,7.0,No
0.8,14.0,80.0,44.0,1019.3,1018.1,1.0,4.0,Yes
3.2,16.4,75.0,49.0,1024.6,1023.3,4.0,5.0,No
3.3,16.9,79.0,42.0,1029.0,1027.4,0.0,1.0,No
4.1,21.0,54.0,30.0,1028.2,1025.1,0.0,0.0,No
6.5,20.4,64.0,32.0,1028.7,1026.5,3.0,4.0,No
5.8,18.5,57.0,42.0,1031.1,1028.4,4.0,7.0,No
9.8,20.6,58.0,43.0,1032.6,1030.9,3.0,3.0,No
8.2,19.3,70.0,36.0,1034.8,1030.6,1.0,5.0,No
4.6,18.7,73.0,35.0,1030.3,1025.9,1.0,1.0,No
5.1,19.4,71.0,33.0,1025.3,1020.0,2.0,1.0,No
8.2,18.8,56.0,37.0,1019.3,1016.3,6.0,7.0,No
11.3,18.1,86.0,26.0,1017.7,1015.5,6.0,1.0,No
4.4,15.7,69.0,37.0,1019.7,1017.2,5.0,3.0,No
3.4,13.6,70.0,42.0,1018.8,1015.4,7.0,8.0,No
7.0,15.0,54.0,47.0,1018.6,1020.9,4.0,6.0,No
-0.4,12.9,79.0,38.0,1028.6,1026.1,0.0,1.0,No
-0.3,12.1,71.0,47.0,1027.0,1023.8,7.0,7.0,No
5.1,14.9,52.0,41.0,1023.4,1019.8,8.0,7.0,No
5.2,12.9,70.0,41.0,1025.8,1025.2,7.0,1.0,No
-1.1,14.6,76.0,36.0,1028.4,1024.5,1.0,1.0,No
4.9,9.6,87.0,86.0,1024.3,1023.1,8.0,8.0,No
5.7,13.7,97.0,44.0,1029.0,1027.5,8.0,1.0,Yes
1.9,14.1,70.0,42.0,1031.4,1028.2,6.0,6.0,No
4.6,11.1,97.0,95.0,1026.4,1022.9,8.0,8.0,Yes
8.7,15.0,99.0,77.0,1022.9,1020.3,7.0,8.0,Yes
6.5,14.4,89.0,41.0,1022.2,1020.7,1.0,2.0,No
4.7,11.5,91.0,61.0,1022.1,1020.7,7.0,8.0,No
5.1,15.1,97.0,60.0,1021.5,1019.4,8.0,1.0,No
3.4,17.6,91.0,35.0,1021.2,1018.8,0.0,1.0,No
2.1,17.3,81.0,41.0,1021.9,1019.0,1.0,3.0,No
1.7,16.9,77.0,28.0,1022.8,1020.7,0.0,1.0,No
4.5,18.4,52.0,33.0,1021.2,1019.4,5.0,1.0,No
6.1,17.8,65.0,45.0,1020.7,1018.4,1.0,5.0,No
4.5,16.6,85.0,40.0,1024.9,1023.3,1.0,7.0,No
3.2,16.1,64.0,31.0,1029.1,1027.1,1.0,1.0,No
3.1,18.7,57.0,23.0,1029.3,1025.5,0.0,0.0,No
2.9,20.1,35.0,17.0,1026.6,1022.7,0.0,1.0,No
6.9,21.5,41.0,22.0,1023.1,1019.9,2.0,2.0,No
9.1,23.0,64.0,28.0,1021.0,1018.2,7.0,4.0,No
7.8,23.8,50.0,19.0,1022.0,1018.9,0.0,0.0,No
9.5,26.3,31.0,17.0,1023.0,1020.2,7.0,7.0,No
13.7,26.5,36.0,19.0,1023.2,1021.5,2.0,1.0,No
12.3,25.2,35.0,18.0,1025.6,1022.2,0.0,0.0,No
10.1,24.2,43.0,28.0,1023.3,1019.7,1.0,7.0,No
12.6,23.0,49.0,33.0,1019.5,1015.7,7.0,4.0,No
7.4,19.2,41.0,21.0,1017.6,1013.7,1.0,4.0,No
4.2,20.1,83.0,36.0,1019.5,1017.5,0.0,1.0,Yes
7.0,20.5,59.0,33.0,1023.4,1020.2,7.0,7.0,No
7.5,21.3,47.0,29.0,1025.0,1022.1,1.0,6.0,No
7.4,21.5,46.0,26.0,1024.4,1020.3,2.0,7.0,No
12.1,23.6,36.0,20.0,1019.2,1014.2,6.0,7.0,No
15.8,17.2,43.0,91.0,1009.3,1007.0,8.0,8.0,No
6.2,14.5,83.0,42.0,1017.6,1016.1,1.0,7.0,Yes
8.8,16.6,95.0,49.0,1019.4,1020.0,7.0,2.0,Yes
5.3,19.6,58.0,44.0,1027.8,1026.0,1.0,2.0,No
7.0,19.3,58.0,29.0,1032.5,1030.5,0.0,1.0,No
8.6,19.6,56.0,28.0,1035.9,1032.3,0.0,1.0,No
5.9,20.7,64.0,33.0,1033.9,1029.7,0.0,0.0,No
7.2,23.8,58.0,25.0,1030.0,1025.0,0.0,0.0,No
7.9,25.4,49.0,17.0,1026.2,1022.2,0.0,0.0,No
8.0,25.4,32.0,16.0,1024.9,1020.5,0.0,1.0,No
8.5,26.1,33.0,13.0,1021.3,1017.2,1.0,2.0,No
8.5,25.4,60.0,20.0,1021.3,1016.5,0.0,2.0,No
8.0,23.3,46.0,14.0,1020.0,1017.5,5.0,7.0,No
6.0,19.9,55.0,27.0,1023.6,1021.3,1.0,0.0,No
2.6,19.9,39.0,15.0,1025.2,1022.2,1.0,6.0,No
6.7,21.8,47.0,22.0,1024.4,1020.9,0.0,1.0,No
8.9,25.0,50.0,18.0,1024.7,1021.5,0.0,1.0,No
11.0,26.4,50.0,23.0,1025.4,1021.5,0.0,2.0,No
13.3,27.0,35.0,20.0,1025.1,1021.5,5.0,1.0,No
13.9,26.6,30.0,16.0,1025.6,1020.8,3.0,1.0,No
12.3,27.9,31.0,17.0,1019.4,1014.2,2.0,5.0,No
6.2,20.9,40.0,19.0,1020.6,1017.1,2.0,1.0,No
7.8,14.7,31.0,86.0,1019.1,1017.4,7.0,8.0,No
7.4,15.1,71.0,46.0,1016.9,1015.1,4.0,7.0,Yes
3.8,16.7,63.0,32.0,1021.8,1018.9,1.0,0.0,No
4.8,17.2,69.0,48.0,1020.2,1018.1,2.0,7.0,No
3.5,18.8,55.0,21.0,1026.0,1024.5,0.0,0.0,Yes
5.8,22.6,31.0,11.0,1028.7,1024.3,0.0,1.0,No
9.2,26.2,15.0,9.0,1026.2,1022.0,0.0,1.0,No
12.7,31.6,12.0,6.0,1018.0,1015.8,6.0,7.0,No
16.6,32.3,14.0,8.0,1015.4,1009.0,0.0,0.0,No
13.4,21.6,41.0,14.0,1014.8,1014.1,4.0,1.0,No
7.1,23.7,25.0,18.0,1023.6,1019.9,0.0,0.0,No
9.5,28.4,28.0,11.0,1022.6,1016.5,0.0,0.0,No
7.7,24.5,45.0,24.0,1020.9,1015.9,6.0,1.0,No
12.3,28.2,44.0,15.0,1017.7,1012.1,1.0,6.0,No
17.0,25.1,34.0,83.0,1011.0,1006.4,8.0,8.0,No
10.5,16.2,56.0,51.0,1005.9,1004.9,6.0,5.0,Yes
5.5,19.9,53.0,27.0,1011.5,1006.2,2.0,2.0,Yes
8.7,15.0,77.0,71.0,1007.2,1007.6,7.0,7.0,Yes
5.9,20.6,82.0,35.0,1016.3,1015.9,7.0,4.0,Yes
8.9,20.8,65.0,37.0,1021.4,1019.4,1.0,7.0,No
9.0,23.3,48.0,24.0,1022.1,1018.7,1.0,1.0,No
14.5,17.1,52.0,51.0,1017.8,1015.0,8.0,8.0,No
12.3,22.5,96.0,60.0,1012.6,1010.2,7.0,7.0,Yes
11.2,20.9,80.0,44.0,1013.3,1010.2,4.0,8.0,No
10.4,24.4,77.0,35.0,1013.0,1010.8,1.0,6.0,No
10.0,23.7,55.0,29.0,1013.2,1010.3,4.0,7.0,No
11.3,25.3,49.0,24.0,1011.6,1008.8,1.0,4.0,No
6.7,21.7,44.0,24.0,1015.8,1012.6,1.0,1.0,No
9.4,23.8,36.0,24.0,1017.9,1015.4,0.0,1.0,No
12.7,25.8,39.0,18.0,1017.7,1014.8,5.0,3.0,No
13.2,30.5,54.0,19.0,1014.0,1009.2,2.0,7.0,No
13.2,29.1,59.0,26.0,1010.6,1009.8,1.0,3.0,No
12.5,23.4,35.0,15.0,1020.4,1020.5,1.0,1.0,No
9.4,26.7,27.0,6.0,1029.3,1026.4,1.0,1.0,No
13.2,27.9,51.0,30.0,1029.3,1025.9,1.0,4.0,No
13.4,29.4,32.0,15.0,1028.0,1023.9,0.0,0.0,No
14.4,30.3,34.0,16.0,1025.6,1021.6,0.0,1.0,No
15.9,31.3,27.0,10.0,1023.6,1020.4,6.0,2.0,No
16.7,31.3,32.0,17.0,1021.9,1019.1,7.0,7.0,No
17.0,33.2,29.0,13.0,1020.1,1015.9,1.0,1.0,No
19.8,36.3,34.0,13.0,1013.5,1008.2,2.0,6.0,No
17.3,27.0,75.0,52.0,1011.4,1011.1,6.0,7.0,Yes
11.7,28.4,55.0,29.0,1015.2,1013.4,5.0,4.0,No
13.2,29.6,52.0,29.0,1017.4,1014.1,6.0,3.0,No
17.7,33.7,61.0,26.0,1015.0,1010.5,6.0,6.0,No
18.4,30.0,87.0,44.0,1011.4,1011.0,7.0,4.0,Yes
15.8,24.9,50.0,23.0,1017.4,1015.7,6.0,1.0,No
11.9,27.2,53.0,17.0,1021.8,1018.2,1.0,3.0,No
11.7,29.1,39.0,18.0,1019.2,1015.2,7.0,7.0,No
13.4,29.2,39.0,12.0,1015.2,1011.6,1.0,1.0,No
13.7,27.7,51.0,27.0,1014.3,1011.7,1.0,1.0,No
13.5,30.8,37.0,13.0,1016.9,1013.0,1.0,1.0,No
17.8,34.3,40.0,19.0,1014.6,1010.5,7.0,3.0,No
20.0,30.5,44.0,45.0,1012.7,1009.8,4.0,7.0,No
19.7,35.3,65.0,25.0,1012.3,1008.5,7.0,7.0,No
22.2,36.7,44.0,63.0,1011.1,1012.0,2.0,8.0,Yes
20.5,34.7,65.0,26.0,1013.3,1011.6,7.0,7.0,No
15.5,27.3,83.0,29.0,1015.9,1016.2,7.0,1.0,Yes
13.4,31.6,31.0,14.0,1021.9,1017.4,1.0,1.0,No
16.4,32.2,26.0,13.0,1018.0,1013.9,7.0,7.0,No
17.3,36.8,19.0,11.0,1012.4,1008.7,6.0,7.0,No
21.2,38.1,44.0,13.0,1010.4,1009.2,1.0,2.0,No
17.1,36.6,22.0,9.0,1015.9,1012.9,0.0,1.0,No
24.8,28.4,26.0,59.0,1013.9,1017.3,8.0,8.0,No
16.7,26.2,86.0,59.0,1017.2,1015.0,7.0,8.0,Yes
22.5,39.3,34.0,15.0,1012.7,1008.5,2.0,5.0,No
21.9,25.0,53.0,93.0,1011.8,1014.5,7.0,7.0,No
13.8,21.6,77.0,63.0,1015.2,1015.0,7.0,8.0,Yes
13.6,14.2,99.0,96.0,1011.4,1010.7,8.0,8.0,Yes
11.6,25.1,87.0,37.0,1014.7,1013.3,7.0,6.0,Yes
14.0,19.0,77.0,87.0,1017.7,1016.4,8.0,8.0,No
14.7,27.8,80.0,41.0,1015.9,1011.9,7.0,7.0,Yes
13.9,28.1,65.0,25.0,1010.7,1008.2,1.0,3.0,No
13.5,30.2,61.0,27.0,1012.9,1011.7,0.0,1.0,No
18.7,33.9,36.0,19.0,1014.8,1011.6,5.0,7.0,No
21.8,26.1,84.0,51.0,1009.2,1011.5,7.0,7.0,No
11.1,24.8,43.0,20.0,1020.1,1017.5,0.0,0.0,Yes
13.0,26.2,42.0,25.0,1018.8,1015.7,0.0,1.0,No
14.5,28.6,46.0,22.0,1017.3,1014.1,1.0,4.0,No
16.5,29.5,39.0,19.0,1015.2,1012.1,2.0,6.0,No
14.2,26.7,52.0,21.0,1015.0,1011.3,6.0,7.0,No
15.3,26.1,48.0,40.0,1013.2,1009.8,7.0,7.0,No
16.7,24.2,70.0,46.0,1011.5,1009.7,8.0,7.0,No
13.1,29.0,55.0,27.0,1010.5,1008.0,1.0,4.0,No
16.6,27.9,69.0,41.0,1010.4,1007.2,7.0,7.0,No
16.4,29.1,75.0,39.0,1007.7,1004.5,3.0,7.0,Yes
19.7,27.7,83.0,83.0,1003.7,1002.8,7.0,7.0,No
16.3,29.8,64.0,23.0,1006.2,1004.6,1.0,1.0,Yes
15.4,27.6,38.0,22.0,1009.9,1008.7,0.0,0.0,No
12.3,28.9,32.0,12.0,1013.8,1011.2,1.0,3.0,No
18.3,30.9,47.0,19.0,1013.2,1010.4,6.0,6.0,No
18.9,32.5,52.0,28.0,1015.4,1012.7,4.0,7.0,No
20.6,30.1,56.0,36.0,1016.9,1013.8,7.0,7.0,No
21.4,26.1,59.0,68.0,1012.4,1008.9,8.0,7.0,No
18.7,30.0,83.0,53.0,1008.8,1006.6,8.0,4.0,Yes
15.8,31.7,41.0,22.0,1012.8,1010.6,1.0,1.0,No
18.7,32.5,41.0,24.0,1012.5,1009.8,1.0,7.0,No
19.5,32.4,62.0,71.0,1013.0,1009.5,1.0,7.0,No
16.2,34.6,57.0,23.0,1011.9,1008.5,2.0,4.0,Yes
19.7,34.4,54.0,22.0,1010.8,1008.3,0.0,3.0,No
20.3,37.3,46.0,19.0,1008.9,1005.4,1.0,1.0,No
19.6,29.8,92.0,55.0,1006.1,1004.6,8.0,5.0,Yes
17.6,30.5,48.0,17.0,1009.7,1007.6,1.0,1.0,No
16.9,31.9,46.0,25.0,1010.6,1007.8,0.0,5.0,No
19.4,32.2,47.0,27.0,1011.7,1010.1,0.0,5.0,No
19.1,32.4,47.0,20.0,1015.0,1013.2,1.0,1.0,No
18.2,32.7,44.0,21.0,1016.8,1013.6,0.0,1.0,No
18.3,34.7,33.0,15.0,1015.1,1012.1,0.0,1.0,No
20.0,37.3,30.0,12.0,1015.1,1012.6,0.0,1.0,No
22.1,38.7,24.0,12.0,1015.4,1012.3,5.0,5.0,No
23.9,37.9,26.0,15.0,1014.0,1011.1,7.0,7.0,No
24.7,38.1,39.0,17.0,1012.4,1008.7,4.0,5.0,No
21.2,35.4,28.0,7.0,1012.3,1009.5,1.0,1.0,No
20.9,39.6,52.0,18.0,1009.9,1005.7,6.0,3.0,No
25.3,40.1,31.0,20.0,1003.8,1001.0,7.0,7.0,No
19.4,30.1,33.0,19.0,1012.0,1010.0,1.0,1.0,No
18.4,30.4,32.0,19.0,1012.7,1010.6,6.0,3.0,No
18.6,28.0,32.0,19.0,1012.1,1009.8,1.0,1.0,No
13.4,27.3,29.0,13.0,1017.3,1014.4,1.0,1.0,No
17.8,31.4,55.0,30.0,1016.8,1014.2,1.0,6.0,No
19.6,34.6,45.0,21.0,1018.2,1014.3,0.0,1.0,No
22.2,36.6,46.0,21.0,1014.6,1012.0,1.0,7.0,No
23.2,39.8,32.0,14.0,1013.6,1010.4,1.0,5.0,No
19.9,31.8,73.0,40.0,1012.5,1010.1,1.0,8.0,No
19.7,32.6,59.0,30.0,1015.2,1012.8,2.0,6.0,Yes
19.7,31.2,62.0,30.0,1016.3,1012.9,7.0,7.0,No
18.5,25.5,61.0,79.0,1012.8,1010.3,7.0,8.0,Yes
19.0,28.3,83.0,57.0,1009.1,1006.7,7.0,5.0,Yes
20.2,29.8,78.0,56.0,1008.8,1007.1,8.0,7.0,No
20.4,27.2,82.0,58.0,1009.9,1008.2,7.0,7.0,No
19.5,22.7,93.0,92.0,1009.1,1007.1,8.0,8.0,Yes
19.2,24.5,90.0,87.0,1003.7,1000.3,8.0,8.0,Yes
19.9,32.9,88.0,59.0,1001.0,999.0,7.0,7.0,Yes
19.3,28.2,60.0,41.0,1007.7,1007.4,7.0,6.0,Yes
14.9,29.6,55.0,40.0,1009.6,1006.4,3.0,5.0,No
